blast_name,firing_datetime,average_power_kw,prediction,quarter
BLST_2026_0001,2026-01-01 00:00:00.000000000,2342.192629368967,2228.3408999369303,2026Q1
BLST_2026_0002,2026-01-01 07:46:57.087378640,2621.850819444155,2782.853497766605,2026Q1
BLST_2026_0003,2026-01-01 15:33:54.174757281,2872.7524409056336,3059.848078471578,2026Q1
BLST_2026_0004,2026-01-01 23:20:51.262135922,2764.6760302754587,2541.446779632222,2026Q1
BLST_2026_0005,2026-01-02 07:07:48.349514563,3005.097406014588,2947.1922180642227,2026Q1
BLST_2026_0006,2026-01-02 14:54:45.436893203,2536.1291859244857,2404.2141110302528,2026Q1
BLST_2026_0007,2026-01-02 22:41:42.524271844,2939.044132213695,2759.4754156909908,2026Q1
BLST_2026_0008,2026-01-03 06:28:39.611650485,3337.1718285269853,3149.1030646715435,2026Q1
BLST_2026_0009,2026-01-03 14:15:36.699029126,2803.5915432327647,2698.1957613196146,2026Q1
BLST_2026_0010,2026-01-03 22:02:33.786407767,1799.606592592994,2150.040230615652,2026Q1
BLST_2026_0011,2026-01-04 05:49:30.873786407,2554.9912558374,2480.1849434634123,2026Q1
BLST_2026_0012,2026-01-04 13:36:27.961165048,2860.4588397794214,3079.755362415625,2026Q1
BLST_2026_0013,2026-01-04 21:23:25.048543689,3124.1289064404864,3366.25417174024,2026Q1
BLST_2026_0014,2026-01-05 05:10:22.135922330,2765.7849441613985,2757.2515140058276,2026Q1
BLST_2026_0015,2026-01-05 12:57:19.223300970,2552.262105140328,2781.123138569088,2026Q1
BLST_2026_0016,2026-01-05 20:44:16.310679611,3163.843515960252,3166.222971520405,2026Q1
BLST_2026_0017,2026-01-06 04:31:13.398058252,2757.633690949017,2884.8069073301413,2026Q1
BLST_2026_0018,2026-01-06 12:18:10.485436893,2796.410364278385,2979.7665815269597,2026Q1
BLST_2026_0019,2026-01-06 20:05:07.572815534,3101.333377614104,3179.7955446388337,2026Q1
BLST_2026_0020,2026-01-07 03:52:04.660194174,2882.44276688508,2871.936427492158,2026Q1
BLST_2026_0021,2026-01-07 11:39:01.747572815,2425.688099540216,2358.0987256920853,2026Q1
BLST_2026_0022,2026-01-07 19:25:58.834951456,2750.358185691024,2817.4286483497663,2026Q1
BLST_2026_0023,2026-01-08 03:12:55.922330097,3102.9725231927123,2924.260828652601,2026Q1
BLST_2026_0024,2026-01-08 10:59:53.009708737,2476.4373758662064,2452.1022029211026,2026Q1
BLST_2026_0025,2026-01-08 18:46:50.097087378,2384.466109351856,2496.897513121572,2026Q1
BLST_2026_0026,2026-01-09 02:33:47.184466019,2319.123323952923,2361.072249175939,2026Q1
BLST_2026_0027,2026-01-09 10:20:44.271844660,2806.5667500496047,2766.662914500437,2026Q1
BLST_2026_0028,2026-01-09 18:07:41.359223301,2881.9674656370967,2839.0864202570438,2026Q1
BLST_2026_0029,2026-01-10 01:54:38.446601941,2722.9389564193407,2813.1739629611398,2026Q1
BLST_2026_0030,2026-01-10 09:41:35.533980582,2590.1454759073017,2477.169376589385,2026Q1
BLST_2026_0031,2026-01-10 17:28:32.621359223,3564.324751063138,3492.7776468802904,2026Q1
BLST_2026_0032,2026-01-11 01:15:29.708737864,3161.8287844600213,3225.4819294508516,2026Q1
BLST_2026_0033,2026-01-11 09:02:26.796116504,2618.1216222984303,2422.048513410623,2026Q1
BLST_2026_0034,2026-01-11 16:49:23.883495145,2369.916470796152,2524.7732021010065,2026Q1
BLST_2026_0035,2026-01-12 00:36:20.970873786,3018.5146150606856,2867.405567140569,2026Q1
BLST_2026_0036,2026-01-12 08:23:18.058252427,2569.9061726257223,2779.5997510708376,2026Q1
BLST_2026_0037,2026-01-12 16:10:15.145631068,2504.124084219136,2621.860834330055,2026Q1
BLST_2026_0038,2026-01-12 23:57:12.233009708,2547.227325878284,2623.295134411993,2026Q1
BLST_2026_0039,2026-01-13 07:44:09.320388349,2338.1439110926644,2272.9316768050003,2026Q1
BLST_2026_0040,2026-01-13 15:31:06.407766990,2407.9694091029533,2404.125653196736,2026Q1
BLST_2026_0041,2026-01-13 23:18:03.495145631,2335.886849911711,2339.1937097470386,2026Q1
BLST_2026_0042,2026-01-14 07:05:00.582524271,3032.3687524457528,3033.347008041796,2026Q1
BLST_2026_0043,2026-01-14 14:51:57.669902912,2273.9305134494416,2253.297727506953,2026Q1
BLST_2026_0044,2026-01-14 22:38:54.757281553,2751.244499908669,2721.2315699485794,2026Q1
BLST_2026_0045,2026-01-15 06:25:51.844660194,2269.180018794354,2388.5302280149826,2026Q1
BLST_2026_0046,2026-01-15 14:12:48.932038835,2936.878661850203,3001.9619388578108,2026Q1
BLST_2026_0047,2026-01-15 21:59:46.019417475,2434.857058353338,2247.14592166178,2026Q1
BLST_2026_0048,2026-01-16 05:46:43.106796116,2762.585133755063,2740.8472277249184,2026Q1
BLST_2026_0049,2026-01-16 13:33:40.194174757,2769.1613250985856,2803.8883554682757,2026Q1
BLST_2026_0050,2026-01-16 21:20:37.281553398,2823.268804919317,2814.582774374047,2026Q1
BLST_2026_0051,2026-01-17 05:07:34.368932038,2525.236424842952,2479.6234942758947,2026Q1
BLST_2026_0052,2026-01-17 12:54:31.456310679,2657.793347909269,2671.459208965592,2026Q1
BLST_2026_0053,2026-01-17 20:41:28.543689320,2566.814722859906,2516.030300138323,2026Q1
BLST_2026_0054,2026-01-18 04:28:25.631067961,2267.668171817897,2464.8330392424646,2026Q1
BLST_2026_0055,2026-01-18 12:15:22.718446602,3077.890816104838,2767.006870361202,2026Q1
BLST_2026_0056,2026-01-18 20:02:19.805825242,2879.124561508817,2914.5048617193274,2026Q1
BLST_2026_0057,2026-01-19 03:49:16.893203883,2777.9589212847536,2947.082299625353,2026Q1
BLST_2026_0058,2026-01-19 11:36:13.980582524,2096.683730988861,2048.7374056925987,2026Q1
BLST_2026_0059,2026-01-19 19:23:11.067961165,2680.550189483304,2743.0659895205163,2026Q1
BLST_2026_0060,2026-01-20 03:10:08.155339805,2598.8544292992183,2725.443045625836,2026Q1
BLST_2026_0061,2026-01-20 10:57:05.242718446,2801.1554919802998,2892.976012881517,2026Q1
BLST_2026_0062,2026-01-20 18:44:02.330097087,2827.83688382468,2946.1734692022105,2026Q1
BLST_2026_0063,2026-01-21 02:30:59.417475728,3135.5402389264127,2810.0295014610588,2026Q1
BLST_2026_0064,2026-01-21 10:17:56.504854369,2255.5794825229686,2288.6584184803687,2026Q1
BLST_2026_0065,2026-01-21 18:04:53.592233009,2713.9199312987444,2541.3518383926576,2026Q1
BLST_2026_0066,2026-01-22 01:51:50.679611650,3465.5591500622463,3371.733249144242,2026Q1
BLST_2026_0067,2026-01-22 09:38:47.766990291,3147.7183878274213,3107.588912852034,2026Q1
BLST_2026_0068,2026-01-22 17:25:44.854368932,2797.7911138197496,2703.04843744292,2026Q1
BLST_2026_0069,2026-01-23 01:12:41.941747572,3225.083225484248,3103.4471800131523,2026Q1
BLST_2026_0070,2026-01-23 08:59:39.029126213,2954.6343834738555,2992.1675387002606,2026Q1
BLST_2026_0071,2026-01-23 16:46:36.116504854,3107.2678818462937,3153.980821650611,2026Q1
BLST_2026_0072,2026-01-24 00:33:33.203883495,2370.497399949398,2509.0100294426834,2026Q1
BLST_2026_0073,2026-01-24 08:20:30.291262136,3260.321118600253,3219.6913137241563,2026Q1
BLST_2026_0074,2026-01-24 16:07:27.378640776,2852.33851416417,2788.0674518526657,2026Q1
BLST_2026_0075,2026-01-24 23:54:24.466019417,3024.657315684935,2991.262769281512,2026Q1
BLST_2026_0076,2026-01-25 07:41:21.553398058,2769.348962603516,2964.8876437425697,2026Q1
BLST_2026_0077,2026-01-25 15:28:18.640776699,2311.1265431053234,2427.0417243939373,2026Q1
BLST_2026_0078,2026-01-25 23:15:15.728155339,3179.3414867701804,3051.3797497750274,2026Q1
BLST_2026_0079,2026-01-26 07:02:12.815533980,2460.853218598118,2594.7656975625227,2026Q1
BLST_2026_0080,2026-01-26 14:49:09.902912621,2588.19573993011,2654.359741644762,2026Q1
BLST_2026_0081,2026-01-26 22:36:06.990291262,2553.221055128185,2762.4527025148163,2026Q1
BLST_2026_0082,2026-01-27 06:23:04.077669903,2779.5061383947427,2822.0382379897565,2026Q1
BLST_2026_0083,2026-01-27 14:10:01.165048543,2849.4609713507207,2963.1225112984434,2026Q1
BLST_2026_0084,2026-01-27 21:56:58.252427184,2935.2335887575705,3020.2553298960047,2026Q1
BLST_2026_0085,2026-01-28 05:43:55.339805825,2848.942989359948,2715.39860415262,2026Q1
BLST_2026_0086,2026-01-28 13:30:52.427184466,2947.5187209177684,2975.6376186405873,2026Q1
BLST_2026_0087,2026-01-28 21:17:49.514563107,2764.56606789174,2760.9492873049658,2026Q1
BLST_2026_0088,2026-01-29 05:04:46.601941747,2428.0052021133515,2231.078410258146,2026Q1
BLST_2026_0089,2026-01-29 12:51:43.689320388,3014.979767368925,3156.9756339679748,2026Q1
BLST_2026_0090,2026-01-29 20:38:40.776699029,2553.943839149796,2713.0912903917833,2026Q1
BLST_2026_0091,2026-01-30 04:25:37.864077670,2895.464125221799,2819.510635496369,2026Q1
BLST_2026_0092,2026-01-30 12:12:34.951456310,2445.013358009505,2358.7605077499725,2026Q1
BLST_2026_0093,2026-01-30 19:59:32.038834951,2676.5596137102425,2574.4760332333262,2026Q1
BLST_2026_0094,2026-01-31 03:46:29.126213592,3099.5394716440146,3166.252887215258,2026Q1
BLST_2026_0095,2026-01-31 11:33:26.213592233,2735.1777132119773,2842.0491780543257,2026Q1
BLST_2026_0096,2026-01-31 19:20:23.300970874,2618.1420807816967,2687.8725467562726,2026Q1
BLST_2026_0097,2026-02-01 03:07:20.388349514,2173.520049645609,2124.8597931504482,2026Q1
BLST_2026_0098,2026-02-01 10:54:17.475728155,2463.238664589575,2551.0404909961103,2026Q1
BLST_2026_0099,2026-02-01 18:41:14.563106796,2763.2254613494288,2411.0451242165987,2026Q1
BLST_2026_0100,2026-02-02 02:28:11.650485437,2525.531312650305,2415.5595168419645,2026Q1
BLST_2026_0101,2026-02-02 10:15:08.737864077,2362.2764087556457,2342.62269240762,2026Q1
BLST_2026_0102,2026-02-02 18:02:05.825242718,3313.160764570379,3015.101007596195,2026Q1
BLST_2026_0103,2026-02-03 01:49:02.912621359,2490.361912088637,2360.738229598033,2026Q1
BLST_2026_0104,2026-02-03 09:36:00.000000000,2855.930861114201,2856.5405856948946,2026Q1
BLST_2026_0105,2026-02-03 17:22:57.087378641,2781.1251310367047,2677.9536368057666,2026Q1
BLST_2026_0106,2026-02-04 01:09:54.174757281,1802.727710803199,1853.927565112057,2026Q1
BLST_2026_0107,2026-02-04 08:56:51.262135922,3006.038051499428,3008.157373627049,2026Q1
BLST_2026_0108,2026-02-04 16:43:48.349514563,1612.9592910894844,1746.8282189745053,2026Q1
BLST_2026_0109,2026-02-05 00:30:45.436893204,3156.254999942559,3297.286118975112,2026Q1
BLST_2026_0110,2026-02-05 08:17:42.524271844,3003.4584454323917,2878.1647467454277,2026Q1
BLST_2026_0111,2026-02-05 16:04:39.611650485,2670.9935840210646,2880.3457718744758,2026Q1
BLST_2026_0112,2026-02-05 23:51:36.699029126,2724.9850147872107,2822.3406631723365,2026Q1
BLST_2026_0113,2026-02-06 07:38:33.786407767,2535.2623199254203,2529.572899326055,2026Q1
BLST_2026_0114,2026-02-06 15:25:30.873786408,3067.288495816654,3015.842350620152,2026Q1
BLST_2026_0115,2026-02-06 23:12:27.961165048,3037.016258459552,2891.3917405605007,2026Q1
BLST_2026_0116,2026-02-07 06:59:25.048543689,2534.1629951082305,2616.678944335999,2026Q1
BLST_2026_0117,2026-02-07 14:46:22.135922330,2335.0916257080894,2332.5358302958043,2026Q1
BLST_2026_0118,2026-02-07 22:33:19.223300971,2750.2762350715902,2545.41847947588,2026Q1
BLST_2026_0119,2026-02-08 06:20:16.310679611,2659.3487634863145,2816.11604310579,2026Q1
BLST_2026_0120,2026-02-08 14:07:13.398058252,3345.066059118188,3382.7771894770503,2026Q1
BLST_2026_0121,2026-02-08 21:54:10.485436893,3225.7712920858235,3070.9574869837224,2026Q1
BLST_2026_0122,2026-02-09 05:41:07.572815534,2608.6129085224634,2510.2277322142318,2026Q1
BLST_2026_0123,2026-02-09 13:28:04.660194175,2960.9973291212104,2819.9613475638707,2026Q1
BLST_2026_0124,2026-02-09 21:15:01.747572815,2785.072961871763,2764.6161263121558,2026Q1
BLST_2026_0125,2026-02-10 05:01:58.834951456,2705.421622808211,2749.4537363020067,2026Q1
BLST_2026_0126,2026-02-10 12:48:55.922330097,2649.8339017351504,2609.4172250193897,2026Q1
BLST_2026_0127,2026-02-10 20:35:53.009708738,2934.637668674664,2956.2008624335035,2026Q1
BLST_2026_0128,2026-02-11 04:22:50.097087378,2958.290742073802,2927.6690359343256,2026Q1
BLST_2026_0129,2026-02-11 12:09:47.184466019,2694.2357937859742,2687.6065683880665,2026Q1
BLST_2026_0130,2026-02-11 19:56:44.271844660,1917.722865145373,2247.404162060645,2026Q1
BLST_2026_0131,2026-02-12 03:43:41.359223301,2849.218533002962,2759.537716995809,2026Q1
BLST_2026_0132,2026-02-12 11:30:38.446601942,2866.492383836002,2801.198870233972,2026Q1
BLST_2026_0133,2026-02-12 19:17:35.533980582,2728.269670710842,2710.9154879977505,2026Q1
BLST_2026_0134,2026-02-13 03:04:32.621359223,2632.7485921095445,2431.6514499180485,2026Q1
BLST_2026_0135,2026-02-13 10:51:29.708737864,2685.131913016952,2909.314079126497,2026Q1
BLST_2026_0136,2026-02-13 18:38:26.796116505,2383.7271783582987,2384.110697968281,2026Q1
BLST_2026_0137,2026-02-14 02:25:23.883495145,2575.4489279351496,2647.0477345519325,2026Q1
BLST_2026_0138,2026-02-14 10:12:20.970873786,2756.3860811853124,2655.55126903138,2026Q1
BLST_2026_0139,2026-02-14 17:59:18.058252427,3552.663609202629,3525.019043065,2026Q1
BLST_2026_0140,2026-02-15 01:46:15.145631068,2830.438163212613,2828.1574131920565,2026Q1
BLST_2026_0141,2026-02-15 09:33:12.233009709,3286.3147073127816,3103.628565127873,2026Q1
BLST_2026_0142,2026-02-15 17:20:09.320388349,2077.090530566507,2331.070639046071,2026Q1
BLST_2026_0143,2026-02-16 01:07:06.407766990,2415.150997082126,2480.419315269998,2026Q1
BLST_2026_0144,2026-02-16 08:54:03.495145631,3033.8659650541845,3034.9447592166434,2026Q1
BLST_2026_0145,2026-02-16 16:41:00.582524272,3342.059178484541,3241.2881193030307,2026Q1
BLST_2026_0146,2026-02-17 00:27:57.669902912,2916.033119678959,3090.2054944845954,2026Q1
BLST_2026_0147,2026-02-17 08:14:54.757281553,2394.515698635523,2320.665618493112,2026Q1
BLST_2026_0148,2026-02-17 16:01:51.844660194,3262.7735843369,3398.5141813207956,2026Q1
BLST_2026_0149,2026-02-17 23:48:48.932038835,2762.0255935104005,2808.1537617732083,2026Q1
BLST_2026_0150,2026-02-18 07:35:46.019417476,2921.6244074281267,3037.3212588296055,2026Q1
BLST_2026_0151,2026-02-18 15:22:43.106796116,2505.098090242005,2579.2788409632035,2026Q1
BLST_2026_0152,2026-02-18 23:09:40.194174757,2232.6536462110707,2367.6233972135524,2026Q1
BLST_2026_0153,2026-02-19 06:56:37.281553398,2652.0854701999256,2565.1286663895617,2026Q1
BLST_2026_0154,2026-02-19 14:43:34.368932039,2616.521560252421,2699.206958271425,2026Q1
BLST_2026_0155,2026-02-19 22:30:31.456310679,2629.083196611942,2616.872060024962,2026Q1
BLST_2026_0156,2026-02-20 06:17:28.543689320,2970.546853805291,2929.763641394925,2026Q1
BLST_2026_0157,2026-02-20 14:04:25.631067961,2595.980524471389,2545.1914327537843,2026Q1
BLST_2026_0158,2026-02-20 21:51:22.718446602,2798.4824035743973,2636.013414881734,2026Q1
BLST_2026_0159,2026-02-21 05:38:19.805825243,3035.393189402504,2966.681051946201,2026Q1
BLST_2026_0160,2026-02-21 13:25:16.893203883,2848.520762093945,2791.486975882076,2026Q1
BLST_2026_0161,2026-02-21 21:12:13.980582524,2897.2218023446544,2872.2950732210606,2026Q1
BLST_2026_0162,2026-02-22 04:59:11.067961165,2879.4703797710004,2934.532626766342,2026Q1
BLST_2026_0163,2026-02-22 12:46:08.155339806,2837.94293811844,2685.1970646137843,2026Q1
BLST_2026_0164,2026-02-22 20:33:05.242718447,2708.6065586973077,2781.330614559808,2026Q1
BLST_2026_0165,2026-02-23 04:20:02.330097087,2986.44907715107,3015.6343981732575,2026Q1
BLST_2026_0166,2026-02-23 12:06:59.417475728,3303.0958865739176,3029.075364726342,2026Q1
BLST_2026_0167,2026-02-23 19:53:56.504854369,2423.8061532460674,2593.3897703068806,2026Q1
BLST_2026_0168,2026-02-24 03:40:53.592233010,1735.3555502178951,1892.7926403823437,2026Q1
BLST_2026_0169,2026-02-24 11:27:50.679611651,2762.669687653616,2543.760590166157,2026Q1
BLST_2026_0170,2026-02-24 19:14:47.766990291,2910.503001741665,2637.456178496485,2026Q1
BLST_2026_0171,2026-02-25 03:01:44.854368932,2973.8868462296496,2818.513958886118,2026Q1
BLST_2026_0172,2026-02-25 10:48:41.941747573,2762.3642929498137,2694.241034603575,2026Q1
BLST_2026_0173,2026-02-25 18:35:39.029126214,2439.9196902708145,2571.369725692585,2026Q1
BLST_2026_0174,2026-02-26 02:22:36.116504854,2538.7663237730726,2554.762478736049,2026Q1
BLST_2026_0175,2026-02-26 10:09:33.203883495,3343.054761902824,3234.9732473005447,2026Q1
BLST_2026_0176,2026-02-26 17:56:30.291262136,2656.639153020458,2784.6458501589473,2026Q1
BLST_2026_0177,2026-02-27 01:43:27.378640777,3395.565883404696,3066.293027396087,2026Q1
BLST_2026_0178,2026-02-27 09:30:24.466019418,3025.5801451442826,2947.7220021338994,2026Q1
BLST_2026_0179,2026-02-27 17:17:21.553398058,1972.028789066116,2273.640819901857,2026Q1
BLST_2026_0180,2026-02-28 01:04:18.640776699,2506.6932054538424,2474.1587492983354,2026Q1
BLST_2026_0181,2026-02-28 08:51:15.728155340,2664.2184812445757,2684.717895121929,2026Q1
BLST_2026_0182,2026-02-28 16:38:12.815533981,2813.7890520063715,2968.019939649929,2026Q1
BLST_2026_0183,2026-03-01 00:25:09.902912621,3296.56267655616,3298.6552209215947,2026Q1
BLST_2026_0184,2026-03-01 08:12:06.990291262,2815.132652985032,2761.272263738775,2026Q1
BLST_2026_0185,2026-03-01 15:59:04.077669903,2905.786891051095,2995.92402198289,2026Q1
BLST_2026_0186,2026-03-01 23:46:01.165048544,2866.3162847928493,2879.997621653466,2026Q1
BLST_2026_0187,2026-03-02 07:32:58.252427185,3514.25407974595,3291.068282341548,2026Q1
BLST_2026_0188,2026-03-02 15:19:55.339805825,2459.0182125696965,2391.8253108843905,2026Q1
BLST_2026_0189,2026-03-02 23:06:52.427184466,2909.5413412988746,2746.6925101661154,2026Q1
BLST_2026_0190,2026-03-03 06:53:49.514563107,3007.774598586075,2969.6560482762866,2026Q1
BLST_2026_0191,2026-03-03 14:40:46.601941748,2875.3307187920027,2667.3943007644716,2026Q1
BLST_2026_0192,2026-03-03 22:27:43.689320388,3053.308841904111,2845.200640560861,2026Q1
BLST_2026_0193,2026-03-04 06:14:40.776699029,2576.205659967244,2611.987947868094,2026Q1
BLST_2026_0194,2026-03-04 14:01:37.864077670,2800.1667454169874,2726.2979026087023,2026Q1
BLST_2026_0195,2026-03-04 21:48:34.951456311,2503.1574857206765,2624.9777015862105,2026Q1
BLST_2026_0196,2026-03-05 05:35:32.038834952,2999.428019024254,2768.4576191360943,2026Q1
BLST_2026_0197,2026-03-05 13:22:29.126213592,2449.0900759565834,2582.12616562224,2026Q1
BLST_2026_0198,2026-03-05 21:09:26.213592233,2885.345425509548,2813.6361146360673,2026Q1
BLST_2026_0199,2026-03-06 04:56:23.300970874,2731.1763711178173,2622.8389259887604,2026Q1
BLST_2026_0200,2026-03-06 12:43:20.388349515,2630.620853299565,2630.050327124252,2026Q1
BLST_2026_0201,2026-03-06 20:30:17.475728155,2765.0706370349108,2785.8150051496723,2026Q1
BLST_2026_0202,2026-03-07 04:17:14.563106796,2840.835483416891,2845.4688113667426,2026Q1
BLST_2026_0203,2026-03-07 12:04:11.650485437,3476.273761052916,3408.724425209474,2026Q1
BLST_2026_0204,2026-03-07 19:51:08.737864078,2061.1849981666883,2045.4186508825896,2026Q1
BLST_2026_0205,2026-03-08 03:38:05.825242719,3013.80715059278,2933.7647076576177,2026Q1
BLST_2026_0206,2026-03-08 11:25:02.912621359,2489.553473789957,2343.135129596715,2026Q1
BLST_2026_0207,2026-03-08 19:12:00.000000000,2060.217602311574,2275.2007489759035,2026Q1
BLST_2026_0208,2026-03-09 02:58:57.087378641,2995.2731428314014,2911.8131863194053,2026Q1
BLST_2026_0209,2026-03-09 10:45:54.174757282,2556.911952010485,2613.005921244515,2026Q1
BLST_2026_0210,2026-03-09 18:32:51.262135922,2809.468731111332,2858.4698449227044,2026Q1
BLST_2026_0211,2026-03-10 02:19:48.349514563,2470.4965871798368,2146.3675175307017,2026Q1
BLST_2026_0212,2026-03-10 10:06:45.436893204,3397.9774259311635,3245.3191866948946,2026Q1
BLST_2026_0213,2026-03-10 17:53:42.524271845,2689.7905673288865,2799.9396898680175,2026Q1
BLST_2026_0214,2026-03-11 01:40:39.611650486,2598.729863299257,2676.115984529566,2026Q1
BLST_2026_0215,2026-03-11 09:27:36.699029126,2543.469341286778,2402.1593254498857,2026Q1
BLST_2026_0216,2026-03-11 17:14:33.786407767,2735.424105047953,2894.507712027223,2026Q1
BLST_2026_0217,2026-03-12 01:01:30.873786408,2974.736992917421,3012.0741220867685,2026Q1
BLST_2026_0218,2026-03-12 08:48:27.961165049,1987.7665963492989,2130.3362836199067,2026Q1
BLST_2026_0219,2026-03-12 16:35:25.048543689,2740.2796890211525,2746.234201280904,2026Q1
BLST_2026_0220,2026-03-13 00:22:22.135922330,3002.308919934583,2716.28363579336,2026Q1
BLST_2026_0221,2026-03-13 08:09:19.223300971,2414.750705143406,2328.5193481281253,2026Q1
BLST_2026_0222,2026-03-13 15:56:16.310679612,2606.7109246307214,2656.800911561439,2026Q1
BLST_2026_0223,2026-03-13 23:43:13.398058253,2291.4569287128293,2359.4414303090944,2026Q1
BLST_2026_0224,2026-03-14 07:30:10.485436893,3630.3807878322327,3374.9963501590028,2026Q1
BLST_2026_0225,2026-03-14 15:17:07.572815534,3008.457847073306,2994.438578243333,2026Q1
BLST_2026_0226,2026-03-14 23:04:04.660194175,2670.420496844378,2649.45657115899,2026Q1
BLST_2026_0227,2026-03-15 06:51:01.747572816,3426.0001962097767,3460.382979309707,2026Q1
BLST_2026_0228,2026-03-15 14:37:58.834951456,2432.2056859870004,2404.7859737685712,2026Q1
BLST_2026_0229,2026-03-15 22:24:55.922330097,3371.675240511646,3170.549623442969,2026Q1
BLST_2026_0230,2026-03-16 06:11:53.009708738,2448.310015124255,2299.649035170132,2026Q1
BLST_2026_0231,2026-03-16 13:58:50.097087379,2943.0202987141897,3001.5480413836513,2026Q1
BLST_2026_0232,2026-03-16 21:45:47.184466020,2736.820448043317,2660.2699527251793,2026Q1
BLST_2026_0233,2026-03-17 05:32:44.271844660,2936.271418573645,3035.6777041217897,2026Q1
BLST_2026_0234,2026-03-17 13:19:41.359223301,2437.4633668590777,2490.7291376638977,2026Q1
BLST_2026_0235,2026-03-17 21:06:38.446601942,2988.781852809189,3089.6184061957006,2026Q1
BLST_2026_0236,2026-03-18 04:53:35.533980583,2274.520570576481,2230.0424074489883,2026Q1
BLST_2026_0237,2026-03-18 12:40:32.621359223,2972.088579635744,3017.1532146694003,2026Q1
BLST_2026_0238,2026-03-18 20:27:29.708737864,2283.571657771743,2368.733806099508,2026Q1
BLST_2026_0239,2026-03-19 04:14:26.796116505,3399.151092287712,3198.97365243657,2026Q1
BLST_2026_0240,2026-03-19 12:01:23.883495146,3041.3217722247323,2805.7389169406592,2026Q1
BLST_2026_0241,2026-03-19 19:48:20.970873787,2854.339660731999,2853.3440349104358,2026Q1
BLST_2026_0242,2026-03-20 03:35:18.058252427,3026.358911339352,2738.550696248089,2026Q1
BLST_2026_0243,2026-03-20 11:22:15.145631068,2725.791170367352,2833.7581804492934,2026Q1
BLST_2026_0244,2026-03-20 19:09:12.233009709,2724.032682062182,2811.2548684628205,2026Q1
BLST_2026_0245,2026-03-21 02:56:09.320388350,3350.9306506080115,3197.265882283715,2026Q1
BLST_2026_0246,2026-03-21 10:43:06.407766990,3158.134294125353,3143.9941097903043,2026Q1
BLST_2026_0247,2026-03-21 18:30:03.495145631,3010.50416301331,3086.5897053714725,2026Q1
BLST_2026_0248,2026-03-22 02:17:00.582524272,2356.827088280651,2459.2830818003604,2026Q1
BLST_2026_0249,2026-03-22 10:03:57.669902913,2982.5366837671645,2702.0404189364344,2026Q1
BLST_2026_0250,2026-03-22 17:50:54.757281554,2373.4857834819545,2495.1286928125037,2026Q1
BLST_2026_0251,2026-03-23 01:37:51.844660194,2632.6781491337183,2715.332967588164,2026Q1
BLST_2026_0252,2026-03-23 09:24:48.932038835,2224.0360004829768,2586.4001914153755,2026Q1
BLST_2026_0253,2026-03-23 17:11:46.019417476,2587.799881276253,2744.933646504422,2026Q1
BLST_2026_0254,2026-03-24 00:58:43.106796117,2990.927473009622,3013.0014372134897,2026Q1
BLST_2026_0255,2026-03-24 08:45:40.194174757,3267.887356780136,3304.799694250492,2026Q1
BLST_2026_0256,2026-03-24 16:32:37.281553398,2973.061594452211,2809.4027952561705,2026Q1
BLST_2026_0257,2026-03-25 00:19:34.368932039,2443.7233394239,2425.745236108954,2026Q1
BLST_2026_0258,2026-03-25 08:06:31.456310680,2771.956045286944,2682.7958611126637,2026Q1
BLST_2026_0259,2026-03-25 15:53:28.543689321,3249.3923641744605,3026.6391605302924,2026Q1
BLST_2026_0260,2026-03-25 23:40:25.631067961,2492.704786435842,2331.9356945131494,2026Q1
BLST_2026_0261,2026-03-26 07:27:22.718446602,2273.4039219427245,2333.7276282208322,2026Q1
BLST_2026_0262,2026-03-26 15:14:19.805825243,3125.494901671917,3049.6390975717436,2026Q1
BLST_2026_0263,2026-03-26 23:01:16.893203884,2548.1901639600574,2540.5027706382266,2026Q1
BLST_2026_0264,2026-03-27 06:48:13.980582524,3190.9733069010163,3109.3557537745733,2026Q1
BLST_2026_0265,2026-03-27 14:35:11.067961165,2528.237437391642,2669.081860384085,2026Q1
BLST_2026_0266,2026-03-27 22:22:08.155339806,3590.044445842899,3442.14864225193,2026Q1
BLST_2026_0267,2026-03-28 06:09:05.242718447,2834.181282717246,2821.576996174226,2026Q1
BLST_2026_0268,2026-03-28 13:56:02.330097088,2278.446427003405,2482.4878701607067,2026Q1
BLST_2026_0269,2026-03-28 21:42:59.417475728,2998.3914361719494,2933.4023447518525,2026Q1
BLST_2026_0270,2026-03-29 05:29:56.504854369,2357.3582178354404,2446.854548106313,2026Q1
BLST_2026_0271,2026-03-29 13:16:53.592233010,2458.811486631961,2428.153424019562,2026Q1
BLST_2026_0272,2026-03-29 21:03:50.679611651,2626.6139700484528,2536.0819224161705,2026Q1
BLST_2026_0273,2026-03-30 04:50:47.766990291,2309.675033525698,2255.6386277274983,2026Q1
BLST_2026_0274,2026-03-30 12:37:44.854368932,2670.9859779905864,2411.782472636227,2026Q1
BLST_2026_0275,2026-03-30 20:24:41.941747573,3241.001614524577,3098.076549829967,2026Q1
BLST_2026_0276,2026-03-31 04:11:39.029126214,2377.887607766673,2472.6832962626054,2026Q1
BLST_2026_0277,2026-03-31 11:58:36.116504855,2707.8495829640974,2864.2447623232333,2026Q1
BLST_2026_0278,2026-03-31 19:45:33.203883495,2576.736833248028,2455.411646049091,2026Q1
BLST_2026_0279,2026-04-01 03:32:30.291262136,3204.677136660196,3088.17136870048,2026Q2
BLST_2026_0280,2026-04-01 11:19:27.378640777,2429.554942272757,2334.891053344882,2026Q2
BLST_2026_0281,2026-04-01 19:06:24.466019418,2488.1432689552607,2389.4219196363088,2026Q2
BLST_2026_0282,2026-04-02 02:53:21.553398058,2559.475890693191,2448.4667255422287,2026Q2
BLST_2026_0283,2026-04-02 10:40:18.640776699,2798.636892940136,2970.6704104154455,2026Q2
BLST_2026_0284,2026-04-02 18:27:15.728155340,2997.004177350187,2803.9443682792516,2026Q2
BLST_2026_0285,2026-04-03 02:14:12.815533981,2838.1949606663534,2716.506804188862,2026Q2
BLST_2026_0286,2026-04-03 10:01:09.902912622,2769.3214841373483,3041.4856822104375,2026Q2
BLST_2026_0287,2026-04-03 17:48:06.990291262,2936.5425846941066,2995.948024954162,2026Q2
BLST_2026_0288,2026-04-04 01:35:04.077669903,2801.7559105658256,2408.58467014538,2026Q2
BLST_2026_0289,2026-04-04 09:22:01.165048544,2887.6091878036805,2910.210223383783,2026Q2
BLST_2026_0290,2026-04-04 17:08:58.252427185,1942.7572142631332,2007.780562864837,2026Q2
BLST_2026_0291,2026-04-05 00:55:55.339805825,2806.754284430273,2772.3987297102185,2026Q2
BLST_2026_0292,2026-04-05 08:42:52.427184466,2280.6670191388685,2620.282284585008,2026Q2
BLST_2026_0293,2026-04-05 16:29:49.514563107,3258.332085978359,3029.2372891146238,2026Q2
BLST_2026_0294,2026-04-06 00:16:46.601941748,2416.935498042052,2468.4229388928065,2026Q2
BLST_2026_0295,2026-04-06 08:03:43.689320389,2977.170270146454,3022.853540212885,2026Q2
BLST_2026_0296,2026-04-06 15:50:40.776699029,2527.2074882354955,2448.328255276025,2026Q2
BLST_2026_0297,2026-04-06 23:37:37.864077670,2699.99961383796,2544.3708601177996,2026Q2
BLST_2026_0298,2026-04-07 07:24:34.951456311,3416.8769364319323,3132.682003112402,2026Q2
BLST_2026_0299,2026-04-07 15:11:32.038834952,2412.565029721267,2396.7607547410566,2026Q2
BLST_2026_0300,2026-04-07 22:58:29.126213592,2626.354379239576,2710.705405461021,2026Q2
BLST_2026_0301,2026-04-08 06:45:26.213592233,3263.8440714030626,3120.14055018672,2026Q2
BLST_2026_0302,2026-04-08 14:32:23.300970874,3396.300168992328,3286.520082322224,2026Q2
BLST_2026_0303,2026-04-08 22:19:20.388349515,2686.32314831704,2565.398075994706,2026Q2
BLST_2026_0304,2026-04-09 06:06:17.475728156,2903.880161038981,2940.755942432293,2026Q2
BLST_2026_0305,2026-04-09 13:53:14.563106796,2684.4494103196844,2687.3323392961775,2026Q2
BLST_2026_0306,2026-04-09 21:40:11.650485437,2372.4507522442946,2258.815418969714,2026Q2
BLST_2026_0307,2026-04-10 05:27:08.737864078,2904.934462949393,2824.4120015799854,2026Q2
BLST_2026_0308,2026-04-10 13:14:05.825242719,2869.130202450575,2751.329421369024,2026Q2
BLST_2026_0309,2026-04-10 21:01:02.912621359,1906.963195656528,2035.2621619105696,2026Q2
BLST_2026_0310,2026-04-11 04:48:00.000000000,2612.662623651593,2540.0056706846776,2026Q2
BLST_2026_0311,2026-04-11 12:34:57.087378641,3618.5709143888826,3508.767591286001,2026Q2
BLST_2026_0312,2026-04-11 20:21:54.174757282,2756.393303603951,2664.0276618542794,2026Q2
BLST_2026_0313,2026-04-12 04:08:51.262135923,2684.562917047725,2609.510028597051,2026Q2
BLST_2026_0314,2026-04-12 11:55:48.349514563,2724.8056397324267,2726.3405845491357,2026Q2
BLST_2026_0315,2026-04-12 19:42:45.436893204,2353.0376879256987,2385.175415368419,2026Q2
BLST_2026_0316,2026-04-13 03:29:42.524271845,3022.2470829111044,2899.5194758882562,2026Q2
BLST_2026_0317,2026-04-13 11:16:39.611650486,2774.068630357678,2942.5367012917395,2026Q2
BLST_2026_0318,2026-04-13 19:03:36.699029126,2242.4132045527545,2312.851168417566,2026Q2
BLST_2026_0319,2026-04-14 02:50:33.786407767,3479.4324288193125,3495.1002026860883,2026Q2
BLST_2026_0320,2026-04-14 10:37:30.873786408,2823.657744257421,2865.1907582410613,2026Q2
BLST_2026_0321,2026-04-14 18:24:27.961165049,2816.4882717402875,2993.370177303871,2026Q2
BLST_2026_0322,2026-04-15 02:11:25.048543690,2415.574418909704,2398.630385861757,2026Q2
BLST_2026_0323,2026-04-15 09:58:22.135922330,3020.253060536822,3177.6991616862365,2026Q2
BLST_2026_0324,2026-04-15 17:45:19.223300972,2516.518510953699,2725.5344046606197,2026Q2
BLST_2026_0325,2026-04-16 01:32:16.310679612,2561.2138638191204,2682.4696496323218,2026Q2
BLST_2026_0326,2026-04-16 09:19:13.398058252,3392.188977581644,3527.1048750427076,2026Q2
BLST_2026_0327,2026-04-16 17:06:10.485436894,2556.067038629913,2458.8435214026053,2026Q2
BLST_2026_0328,2026-04-17 00:53:07.572815534,2983.4310466173697,2411.0283984107314,2026Q2
BLST_2026_0329,2026-04-17 08:40:04.660194174,2814.2685590449337,2939.821199336847,2026Q2
BLST_2026_0330,2026-04-17 16:27:01.747572816,3215.9868485115544,3374.0309668140458,2026Q2
BLST_2026_0331,2026-04-18 00:13:58.834951456,2459.946202123107,2574.481928655415,2026Q2
BLST_2026_0332,2026-04-18 08:00:55.922330098,3000.132847303556,2941.570158224308,2026Q2
BLST_2026_0333,2026-04-18 15:47:53.009708738,2575.807448587174,2858.761313571568,2026Q2
BLST_2026_0334,2026-04-18 23:34:50.097087378,2588.3903598422053,2674.1503552661184,2026Q2
BLST_2026_0335,2026-04-19 07:21:47.184466020,2656.2506994136784,2579.314678205087,2026Q2
BLST_2026_0336,2026-04-19 15:08:44.271844660,2090.639436863713,2094.251116522988,2026Q2
BLST_2026_0337,2026-04-19 22:55:41.359223302,2200.7899800471228,2276.9131178310645,2026Q2
BLST_2026_0338,2026-04-20 06:42:38.446601942,2479.2438768405086,2715.651320143265,2026Q2
BLST_2026_0339,2026-04-20 14:29:35.533980582,2536.141127183827,2679.6412262507797,2026Q2
BLST_2026_0340,2026-04-20 22:16:32.621359224,2386.7439989935488,2468.267925922368,2026Q2
BLST_2026_0341,2026-04-21 06:03:29.708737864,3175.254348290531,3128.1532651304396,2026Q2
BLST_2026_0342,2026-04-21 13:50:26.796116506,2896.110564117312,2939.1458567610443,2026Q2
BLST_2026_0343,2026-04-21 21:37:23.883495146,2578.7735380821546,2664.415669039954,2026Q2
BLST_2026_0344,2026-04-22 05:24:20.970873786,2638.276768115482,2945.6329243075515,2026Q2
BLST_2026_0345,2026-04-22 13:11:18.058252428,3019.9082944455267,2986.3670835183607,2026Q2
BLST_2026_0346,2026-04-22 20:58:15.145631068,2570.1293449399345,2779.118843529466,2026Q2
BLST_2026_0347,2026-04-23 04:45:12.233009708,2631.473257547339,2535.273717523937,2026Q2
BLST_2026_0348,2026-04-23 12:32:09.320388350,2968.442443918917,2775.4255023656547,2026Q2
BLST_2026_0349,2026-04-23 20:19:06.407766990,2590.716508049617,2607.478729503897,2026Q2
BLST_2026_0350,2026-04-24 04:06:03.495145632,2511.1926182525503,2363.9682515950026,2026Q2
BLST_2026_0351,2026-04-24 11:53:00.582524272,2707.46353576087,2805.769848906585,2026Q2
BLST_2026_0352,2026-04-24 19:39:57.669902912,2769.7803910640628,2695.4032275825916,2026Q2
BLST_2026_0353,2026-04-25 03:26:54.757281554,2991.8994060608097,2908.356173528109,2026Q2
BLST_2026_0354,2026-04-25 11:13:51.844660194,3255.671120043693,3149.958817838238,2026Q2
BLST_2026_0355,2026-04-25 19:00:48.932038836,2737.0324141695105,2828.7483947420287,2026Q2
BLST_2026_0356,2026-04-26 02:47:46.019417476,3087.752494455404,3181.95290815727,2026Q2
BLST_2026_0357,2026-04-26 10:34:43.106796116,2861.1900409864743,2715.9842675134146,2026Q2
BLST_2026_0358,2026-04-26 18:21:40.194174758,2888.619801563956,2870.6318076859325,2026Q2
BLST_2026_0359,2026-04-27 02:08:37.281553398,2833.721850128569,2729.5362821665885,2026Q2
BLST_2026_0360,2026-04-27 09:55:34.368932040,3335.209237972534,3523.962928477219,2026Q2
BLST_2026_0361,2026-04-27 17:42:31.456310680,2726.2471933241563,2820.3517136898645,2026Q2
BLST_2026_0362,2026-04-28 01:29:28.543689320,2068.944424757688,2133.6472746631416,2026Q2
BLST_2026_0363,2026-04-28 09:16:25.631067962,2360.9841208000817,2129.7521631639015,2026Q2
BLST_2026_0364,2026-04-28 17:03:22.718446602,2713.032595538419,2706.5599483146248,2026Q2
BLST_2026_0365,2026-04-29 00:50:19.805825242,3127.582075781861,3229.0130205210376,2026Q2
BLST_2026_0366,2026-04-29 08:37:16.893203884,2640.439441124018,2613.5856374987807,2026Q2
BLST_2026_0367,2026-04-29 16:24:13.980582524,2447.800183433936,2367.1235365015364,2026Q2
BLST_2026_0368,2026-04-30 00:11:11.067961166,2542.5617996624865,2597.073391124165,2026Q2
BLST_2026_0369,2026-04-30 07:58:08.155339806,2466.0997422449045,2463.601237788633,2026Q2
BLST_2026_0370,2026-04-30 15:45:05.242718446,2469.4526990393133,2547.5469972001206,2026Q2
BLST_2026_0371,2026-04-30 23:32:02.330097088,2752.94140965034,2568.1236202656187,2026Q2
BLST_2026_0372,2026-05-01 07:18:59.417475728,2731.9959087311454,2882.292414642539,2026Q2
BLST_2026_0373,2026-05-01 15:05:56.504854370,2759.442662624928,2747.4426650315804,2026Q2
BLST_2026_0374,2026-05-01 22:52:53.592233010,2400.305242828983,2490.090115014094,2026Q2
BLST_2026_0375,2026-05-02 06:39:50.679611650,2571.4699295497894,2611.1987504986573,2026Q2
BLST_2026_0376,2026-05-02 14:26:47.766990292,2977.161347513243,2922.183503161964,2026Q2
BLST_2026_0377,2026-05-02 22:13:44.854368932,2712.7151802921044,2797.471154156202,2026Q2
BLST_2026_0378,2026-05-03 06:00:41.941747574,2731.1958103981724,2676.5603310518304,2026Q2
BLST_2026_0379,2026-05-03 13:47:39.029126214,2597.140533953401,2642.491870117336,2026Q2
BLST_2026_0380,2026-05-03 21:34:36.116504854,3303.970216579081,3128.9328923173216,2026Q2
BLST_2026_0381,2026-05-04 05:21:33.203883496,2423.511552405694,2634.3670465566433,2026Q2
BLST_2026_0382,2026-05-04 13:08:30.291262136,2919.141772529656,2912.168026189452,2026Q2
BLST_2026_0383,2026-05-04 20:55:27.378640776,3616.1939333764735,3611.964423688204,2026Q2
BLST_2026_0384,2026-05-05 04:42:24.466019418,4138.0067357620255,3927.4241598110434,2026Q2
BLST_2026_0385,2026-05-05 12:29:21.553398058,2634.9678600934903,2724.962483812068,2026Q2
BLST_2026_0386,2026-05-05 20:16:18.640776700,3135.993564159994,2982.764406216122,2026Q2
BLST_2026_0387,2026-05-06 04:03:15.728155340,2358.131075122854,2546.9446753215743,2026Q2
BLST_2026_0388,2026-05-06 11:50:12.815533980,2826.8796470282505,2774.3543791536895,2026Q2
BLST_2026_0389,2026-05-06 19:37:09.902912622,3047.38678436157,3120.4950274146554,2026Q2
BLST_2026_0390,2026-05-07 03:24:06.990291262,3210.5710596062654,3214.0961382104124,2026Q2
BLST_2026_0391,2026-05-07 11:11:04.077669904,2743.004875426001,2673.5786516973117,2026Q2
BLST_2026_0392,2026-05-07 18:58:01.165048544,2430.2244387325786,2460.5533810963047,2026Q2
BLST_2026_0393,2026-05-08 02:44:58.252427184,2197.146724646309,2225.708929153458,2026Q2
BLST_2026_0394,2026-05-08 10:31:55.339805826,2893.2597784330937,3118.86264734531,2026Q2
BLST_2026_0395,2026-05-08 18:18:52.427184466,3084.710004322043,2914.5938369873497,2026Q2
BLST_2026_0396,2026-05-09 02:05:49.514563108,2900.267215088851,2767.7716501531927,2026Q2
BLST_2026_0397,2026-05-09 09:52:46.601941748,2129.8196480058687,2227.1480894311135,2026Q2
BLST_2026_0398,2026-05-09 17:39:43.689320388,2321.4089269577794,2342.5650249080704,2026Q2
BLST_2026_0399,2026-05-10 01:26:40.776699030,2855.2499127939136,2841.681634612184,2026Q2
BLST_2026_0400,2026-05-10 09:13:37.864077670,2139.336350782874,2301.9625890777525,2026Q2
BLST_2026_0401,2026-05-10 17:00:34.951456310,3094.4611593624763,2962.101337565989,2026Q2
BLST_2026_0402,2026-05-11 00:47:32.038834952,2999.3758725784573,2789.7899243643146,2026Q2
BLST_2026_0403,2026-05-11 08:34:29.126213592,2557.0834068121003,2529.5409989159393,2026Q2
BLST_2026_0404,2026-05-11 16:21:26.213592234,3371.5108339198105,3088.502474306332,2026Q2
BLST_2026_0405,2026-05-12 00:08:23.300970874,3249.259550060476,3083.1375851343305,2026Q2
BLST_2026_0406,2026-05-12 07:55:20.388349514,3539.7866206551844,3391.0363079741123,2026Q2
BLST_2026_0407,2026-05-12 15:42:17.475728156,2287.0485729780485,2356.5700595521794,2026Q2
BLST_2026_0408,2026-05-12 23:29:14.563106796,2277.7359116490284,2275.3547791884807,2026Q2
BLST_2026_0409,2026-05-13 07:16:11.650485438,3008.6261024887776,3037.749280854997,2026Q2
BLST_2026_0410,2026-05-13 15:03:08.737864078,2948.054781108961,2991.2893814136637,2026Q2
BLST_2026_0411,2026-05-13 22:50:05.825242718,2463.782073322475,2326.5460283278967,2026Q2
BLST_2026_0412,2026-05-14 06:37:02.912621360,2724.4290088811053,2537.012448746122,2026Q2
BLST_2026_0413,2026-05-14 14:24:00.000000000,2270.320370542649,2609.2257221836107,2026Q2
BLST_2026_0414,2026-05-14 22:10:57.087378642,3270.7660992808915,3134.6842093919086,2026Q2
BLST_2026_0415,2026-05-15 05:57:54.174757282,2412.00726489928,2515.2162198702276,2026Q2
BLST_2026_0416,2026-05-15 13:44:51.262135922,3621.053787728505,3368.5683462789502,2026Q2
BLST_2026_0417,2026-05-15 21:31:48.349514564,2752.991746752742,2864.4026374628193,2026Q2
BLST_2026_0418,2026-05-16 05:18:45.436893204,2554.7143254037187,2501.5320106914023,2026Q2
BLST_2026_0419,2026-05-16 13:05:42.524271844,2776.274041800076,2723.5910869961017,2026Q2
BLST_2026_0420,2026-05-16 20:52:39.611650486,2635.352146762681,2636.771700560579,2026Q2
BLST_2026_0421,2026-05-17 04:39:36.699029126,2721.8327892838765,2667.2114572834676,2026Q2
BLST_2026_0422,2026-05-17 12:26:33.786407768,2517.4825615047457,2712.653069773388,2026Q2
BLST_2026_0423,2026-05-17 20:13:30.873786408,2764.916086714184,2757.052782251584,2026Q2
BLST_2026_0424,2026-05-18 04:00:27.961165048,3140.1296675521057,3073.395955088834,2026Q2
BLST_2026_0425,2026-05-18 11:47:25.048543690,2279.528264595699,2533.4939647433584,2026Q2
BLST_2026_0426,2026-05-18 19:34:22.135922330,2505.784186612327,2598.6244227895686,2026Q2
BLST_2026_0427,2026-05-19 03:21:19.223300972,2430.3617351434746,2532.192622451518,2026Q2
BLST_2026_0428,2026-05-19 11:08:16.310679612,2913.9331719903053,2854.6697556784634,2026Q2
BLST_2026_0429,2026-05-19 18:55:13.398058252,2713.2843051590435,2704.987864657617,2026Q2
BLST_2026_0430,2026-05-20 02:42:10.485436894,3130.181330258314,3264.708221250843,2026Q2
BLST_2026_0431,2026-05-20 10:29:07.572815534,2456.664964681605,2433.0691981272157,2026Q2
BLST_2026_0432,2026-05-20 18:16:04.660194176,2554.625814889894,2721.2991876777987,2026Q2
BLST_2026_0433,2026-05-21 02:03:01.747572816,3537.098798104651,3455.3401196041877,2026Q2
BLST_2026_0434,2026-05-21 09:49:58.834951456,2409.611076983221,2318.436903363506,2026Q2
BLST_2026_0435,2026-05-21 17:36:55.922330098,2130.5474365122204,2359.226337288689,2026Q2
BLST_2026_0436,2026-05-22 01:23:53.009708738,3404.648394025399,3324.7508717322053,2026Q2
BLST_2026_0437,2026-05-22 09:10:50.097087378,2658.7347447683237,2660.2715684876657,2026Q2
BLST_2026_0438,2026-05-22 16:57:47.184466020,2371.355499375228,2554.9121428103667,2026Q2
BLST_2026_0439,2026-05-23 00:44:44.271844660,2857.731434947167,2731.4354821416364,2026Q2
BLST_2026_0440,2026-05-23 08:31:41.359223302,2931.9669139668777,2811.854276502942,2026Q2
BLST_2026_0441,2026-05-23 16:18:38.446601942,2152.3078935636745,2464.5766495004,2026Q2
BLST_2026_0442,2026-05-24 00:05:35.533980582,2697.5034482821275,2724.677499951479,2026Q2
BLST_2026_0443,2026-05-24 07:52:32.621359224,2019.6396315523568,2132.926137531125,2026Q2
BLST_2026_0444,2026-05-24 15:39:29.708737864,3594.631745269939,3541.3787011768873,2026Q2
BLST_2026_0445,2026-05-24 23:26:26.796116506,2183.8405746434164,2368.0188972201954,2026Q2
BLST_2026_0446,2026-05-25 07:13:23.883495146,3315.836103729531,3252.980171311402,2026Q2
BLST_2026_0447,2026-05-25 15:00:20.970873786,3048.7411879425,3136.891830774324,2026Q2
BLST_2026_0448,2026-05-25 22:47:18.058252428,2356.119978184098,2212.8916041513066,2026Q2
BLST_2026_0449,2026-05-26 06:34:15.145631068,2809.272419407705,3099.8127498086606,2026Q2
BLST_2026_0450,2026-05-26 14:21:12.233009710,2447.7951014880205,2563.171513906729,2026Q2
BLST_2026_0451,2026-05-26 22:08:09.320388350,3054.3294663852653,2950.361607925516,2026Q2
BLST_2026_0452,2026-05-27 05:55:06.407766990,3210.017188714442,3152.1275543321467,2026Q2
BLST_2026_0453,2026-05-27 13:42:03.495145632,2516.139828464428,2459.3804622083435,2026Q2
BLST_2026_0454,2026-05-27 21:29:00.582524272,2778.578829187756,2807.944996181273,2026Q2
BLST_2026_0455,2026-05-28 05:15:57.669902912,2563.986261677888,2567.625230120946,2026Q2
BLST_2026_0456,2026-05-28 13:02:54.757281554,1956.644229739992,1900.038194420873,2026Q2
BLST_2026_0457,2026-05-28 20:49:51.844660194,3245.900473311693,3317.832453460578,2026Q2
BLST_2026_0458,2026-05-29 04:36:48.932038836,2270.487810817712,2339.4441610025424,2026Q2
BLST_2026_0459,2026-05-29 12:23:46.019417476,3011.2056440145348,2989.905155186479,2026Q2
BLST_2026_0460,2026-05-29 20:10:43.106796116,2459.7132508556106,2367.9430320349234,2026Q2
BLST_2026_0461,2026-05-30 03:57:40.194174758,2021.1412334971812,2205.3414546698446,2026Q2
BLST_2026_0462,2026-05-30 11:44:37.281553398,3389.721532836659,3297.5416426918973,2026Q2
BLST_2026_0463,2026-05-30 19:31:34.368932040,2837.508671813844,2602.179142107441,2026Q2
BLST_2026_0464,2026-05-31 03:18:31.456310680,2589.7139867567103,2745.4344737992183,2026Q2
BLST_2026_0465,2026-05-31 11:05:28.543689320,2088.3614839058014,2176.801436296647,2026Q2
BLST_2026_0466,2026-05-31 18:52:25.631067962,2835.4227530017265,2674.056265365368,2026Q2
BLST_2026_0467,2026-06-01 02:39:22.718446602,2782.740809386404,2767.126688781756,2026Q2
BLST_2026_0468,2026-06-01 10:26:19.805825244,3037.5662802927754,3004.7894738537448,2026Q2
BLST_2026_0469,2026-06-01 18:13:16.893203884,2300.3304382402207,2243.865149714157,2026Q2
BLST_2026_0470,2026-06-02 02:00:13.980582524,2265.220118983842,2251.5488259764447,2026Q2
BLST_2026_0471,2026-06-02 09:47:11.067961166,2491.502541573681,2553.6127191744195,2026Q2
BLST_2026_0472,2026-06-02 17:34:08.155339806,2581.520255820511,2682.0092823901964,2026Q2
BLST_2026_0473,2026-06-03 01:21:05.242718446,2825.681671774409,2784.5462944274154,2026Q2
BLST_2026_0474,2026-06-03 09:08:02.330097088,2604.9176948944464,2709.5819613397257,2026Q2
BLST_2026_0475,2026-06-03 16:54:59.417475728,2758.8169827858846,2976.508205603658,2026Q2
BLST_2026_0476,2026-06-04 00:41:56.504854370,2747.8209514562127,2722.1722880965253,2026Q2
BLST_2026_0477,2026-06-04 08:28:53.592233010,2883.8891503331524,2834.2750000132546,2026Q2
BLST_2026_0478,2026-06-04 16:15:50.679611650,2609.7961490551475,2598.6012108148143,2026Q2
BLST_2026_0479,2026-06-05 00:02:47.766990292,2697.0142862581083,2317.2414837995907,2026Q2
BLST_2026_0480,2026-06-05 07:49:44.854368932,2762.251615115038,2751.289437035074,2026Q2
BLST_2026_0481,2026-06-05 15:36:41.941747574,2914.396686276061,2931.532220208481,2026Q2
BLST_2026_0482,2026-06-05 23:23:39.029126214,2994.109497302367,3069.574305398035,2026Q2
BLST_2026_0483,2026-06-06 07:10:36.116504854,2490.757324927399,2616.086857822594,2026Q2
BLST_2026_0484,2026-06-06 14:57:33.203883496,2256.620516955304,2298.3445114155493,2026Q2
BLST_2026_0485,2026-06-06 22:44:30.291262136,2416.41945406773,2477.3237725369263,2026Q2
BLST_2026_0486,2026-06-07 06:31:27.378640778,2956.708444512717,2946.857651960379,2026Q2
BLST_2026_0487,2026-06-07 14:18:24.466019418,2332.23607213933,2219.9008241077345,2026Q2
BLST_2026_0488,2026-06-07 22:05:21.553398058,2982.97211707037,2806.671357425002,2026Q2
BLST_2026_0489,2026-06-08 05:52:18.640776700,2848.400476357373,2852.872111649623,2026Q2
BLST_2026_0490,2026-06-08 13:39:15.728155340,2981.4995694087097,2987.729378042982,2026Q2
BLST_2026_0491,2026-06-08 21:26:12.815533980,2571.5470852210474,2516.100641047357,2026Q2
BLST_2026_0492,2026-06-09 05:13:09.902912622,2848.164041262852,2877.3787923339723,2026Q2
BLST_2026_0493,2026-06-09 13:00:06.990291262,2416.6961368755947,2358.0734227615735,2026Q2
BLST_2026_0494,2026-06-09 20:47:04.077669904,2387.654029148111,2377.436628627881,2026Q2
BLST_2026_0495,2026-06-10 04:34:01.165048544,2381.507533601559,2446.87748666432,2026Q2
BLST_2026_0496,2026-06-10 12:20:58.252427184,2422.96905772643,2395.867958544056,2026Q2
BLST_2026_0497,2026-06-10 20:07:55.339805826,2372.2056936429426,2521.6300445552633,2026Q2
BLST_2026_0498,2026-06-11 03:54:52.427184466,3331.8146040145543,2809.707984419696,2026Q2
BLST_2026_0499,2026-06-11 11:41:49.514563108,2551.587866134425,2595.694533654233,2026Q2
BLST_2026_0500,2026-06-11 19:28:46.601941748,3037.5487486511083,3122.2341063025096,2026Q2
BLST_2026_0501,2026-06-12 03:15:43.689320388,2034.1835805894088,2041.5656209368858,2026Q2
BLST_2026_0502,2026-06-12 11:02:40.776699030,2400.2058748926293,2796.296566308339,2026Q2
BLST_2026_0503,2026-06-12 18:49:37.864077670,2108.443196007073,2205.253379909653,2026Q2
BLST_2026_0504,2026-06-13 02:36:34.951456312,2810.0679952884266,2670.887547564271,2026Q2
BLST_2026_0505,2026-06-13 10:23:32.038834952,2910.820412918513,2755.216372780802,2026Q2
BLST_2026_0506,2026-06-13 18:10:29.126213592,2183.858752763978,2139.777938926106,2026Q2
BLST_2026_0507,2026-06-14 01:57:26.213592234,3090.883828725256,3020.3746057796106,2026Q2
BLST_2026_0508,2026-06-14 09:44:23.300970874,2987.245080371646,2942.999371597275,2026Q2
BLST_2026_0509,2026-06-14 17:31:20.388349514,2957.2066340846536,2944.832752373447,2026Q2
BLST_2026_0510,2026-06-15 01:18:17.475728156,2513.500934582148,2527.47567510102,2026Q2
BLST_2026_0511,2026-06-15 09:05:14.563106796,2307.636890714948,2393.032621062514,2026Q2
BLST_2026_0512,2026-06-15 16:52:11.650485438,2311.2257233152827,2520.8637631855086,2026Q2
BLST_2026_0513,2026-06-16 00:39:08.737864078,2912.6678831758527,3019.418127754983,2026Q2
BLST_2026_0514,2026-06-16 08:26:05.825242718,2464.363820898778,2572.446953517352,2026Q2
BLST_2026_0515,2026-06-16 16:13:02.912621360,3428.322832090072,3400.799968864352,2026Q2
BLST_2026_0516,2026-06-17 00:00:00.000000000,2446.2552108639984,2518.034764129697,2026Q2
