target,model,MAE,RMSE,MAPE_pct,WAPE_pct,R2
average_power_kw,Linear regression,106.0038617858062,135.66813429595183,3.9347838663736883,3.8687540900967634,0.857330918260139
average_power_kw,Random forest,121.06087040597362,154.72294073861406,4.482563054913763,4.418279953612943,0.8144403335515065
average_power_kw,Historical mean,283.33756443500755,359.6203580276746,10.73041547157069,10.340787050767295,-0.002449950814037871
peak_power_kw,Linear regression,187.04362096870938,234.59635151307072,5.871362419574582,5.782012349339678,0.7426454879464615
peak_power_kw,Random forest,201.36862696765985,252.15614205490036,6.33185824308508,6.224836120400829,0.7026770849240054
peak_power_kw,Historical mean,370.11835001415653,462.96011442500065,11.868043305848703,11.44133576657546,-0.0022508496302307
specific_energy_kwh_t,Linear regression,0.045053833014680265,0.05987714944877196,4.1349335226674215,4.142084079704715,0.7035663044311439
specific_energy_kwh_t,Random forest,0.04724239829414391,0.06225596837877109,4.313976388761443,4.343292740430809,0.6795448021433461
specific_energy_kwh_t,Historical mean,0.08396269152435837,0.10998114077389394,7.643403979870578,7.719221752761472,-9.619448307751632e-05
