blast_name,year,firing_datetime,average_power_kw,prediction_hgb_kw,prediction_linear_kw,prediction_mean_kw,absolute_error_hgb_kw
BLST_2026_0001,2026,2026-01-01 00:00:00.000000000,2342.192629368967,2246.385656447891,2228.340899936931,2757.778348849932,95.80697292107607
BLST_2026_0002,2026,2026-01-01 07:46:57.087378640,2621.850819444155,2862.579799341597,2782.853497766605,2757.778348849932,240.72897989744206
BLST_2026_0003,2026,2026-01-01 15:33:54.174757281,2872.7524409056336,2999.3316255388345,3059.8480784715784,2757.778348849932,126.57918463320084
BLST_2026_0004,2026,2026-01-01 23:20:51.262135922,2764.6760302754587,2559.4069109582324,2541.4467796322224,2757.778348849932,205.26911931722634
BLST_2026_0005,2026,2026-01-02 07:07:48.349514563,3005.097406014588,2927.0922931821688,2947.1922180642223,2757.778348849932,78.0051128324194
BLST_2026_0006,2026,2026-01-02 14:54:45.436893203,2536.1291859244857,2451.1125283529127,2404.2141110302537,2757.778348849932,85.01665757157298
BLST_2026_0007,2026,2026-01-02 22:41:42.524271844,2939.044132213695,2747.9737947090453,2759.4754156909908,2757.778348849932,191.07033750464961
BLST_2026_0008,2026,2026-01-03 06:28:39.611650485,3337.1718285269853,3092.8672772535997,3149.103064671544,2757.778348849932,244.30455127338564
BLST_2026_0009,2026,2026-01-03 14:15:36.699029126,2803.5915432327647,2483.541661973186,2698.1957613196146,2757.778348849932,320.0498812595788
BLST_2026_0010,2026,2026-01-03 22:02:33.786407767,1799.606592592994,2134.677606697351,2150.040230615652,2757.778348849932,335.0710141043571
BLST_2026_0011,2026,2026-01-04 05:49:30.873786407,2554.9912558374,2465.0687184465414,2480.184943463413,2757.778348849932,89.92253739085845
BLST_2026_0012,2026,2026-01-04 13:36:27.961165048,2860.4588397794214,3079.6285203589678,3079.7553624156253,2757.778348849932,219.16968057954637
BLST_2026_0013,2026,2026-01-04 21:23:25.048543689,3124.1289064404864,3366.514763039907,3366.25417174024,2757.778348849932,242.38585659942055
BLST_2026_0014,2026,2026-01-05 05:10:22.135922330,2765.7849441613985,2785.1630135740893,2757.251514005827,2757.778348849932,19.37806941269082
BLST_2026_0015,2026,2026-01-05 12:57:19.223300970,2552.262105140328,2751.7471404175126,2781.1231385690885,2757.778348849932,199.48503527718458
BLST_2026_0016,2026,2026-01-05 20:44:16.310679611,3163.843515960252,3129.4162694272986,3166.2229715204044,2757.778348849932,34.42724653295318
BLST_2026_0017,2026,2026-01-06 04:31:13.398058252,2757.633690949017,2993.0703954218216,2884.806907330142,2757.778348849932,235.43670447280465
BLST_2026_0018,2026,2026-01-06 12:18:10.485436893,2796.410364278385,2996.977591708705,2979.7665815269593,2757.778348849932,200.56722743032014
BLST_2026_0019,2026,2026-01-06 20:05:07.572815534,3101.333377614104,3154.487249263224,3179.7955446388337,2757.778348849932,53.15387164911999
BLST_2026_0020,2026,2026-01-07 03:52:04.660194174,2882.44276688508,2943.840312991517,2871.936427492159,2757.778348849932,61.39754610643695
BLST_2026_0021,2026,2026-01-07 11:39:01.747572815,2425.688099540216,2353.732401190008,2358.0987256920844,2757.778348849932,71.95569835020797
BLST_2026_0022,2026,2026-01-07 19:25:58.834951456,2750.358185691024,2874.59197517758,2817.4286483497663,2757.778348849932,124.2337894865559
BLST_2026_0023,2026,2026-01-08 03:12:55.922330097,3102.9725231927123,3017.934741296871,2924.260828652601,2757.778348849932,85.03778189584136
BLST_2026_0024,2026,2026-01-08 10:59:53.009708737,2476.4373758662064,2435.4126271569576,2452.102202921102,2757.778348849932,41.0247487092488
BLST_2026_0025,2026,2026-01-08 18:46:50.097087378,2384.466109351856,2487.627833120392,2496.8975131215716,2757.778348849932,103.16172376853592
BLST_2026_0026,2026,2026-01-09 02:33:47.184466019,2319.123323952923,2362.4740326390315,2361.072249175939,2757.778348849932,43.350708686108646
BLST_2026_0027,2026,2026-01-09 10:20:44.271844660,2806.5667500496047,2811.0146442348064,2766.662914500437,2757.778348849932,4.447894185201676
BLST_2026_0028,2026,2026-01-09 18:07:41.359223301,2881.9674656370967,2814.404350100577,2839.0864202570447,2757.778348849932,67.56311553651949
BLST_2026_0029,2026,2026-01-10 01:54:38.446601941,2722.9389564193407,2777.53691959878,2813.1739629611398,2757.778348849932,54.597963179439375
BLST_2026_0030,2026,2026-01-10 09:41:35.533980582,2590.1454759073017,2480.414157221225,2477.169376589385,2757.778348849932,109.73131868607652
BLST_2026_0031,2026,2026-01-10 17:28:32.621359223,3564.324751063138,3423.9662628955634,3492.7776468802904,2757.778348849932,140.3584881675747
BLST_2026_0032,2026,2026-01-11 01:15:29.708737864,3161.8287844600213,3169.7370149509084,3225.481929450852,2757.778348849932,7.908230490887036
BLST_2026_0033,2026,2026-01-11 09:02:26.796116504,2618.1216222984303,2462.3183922501817,2422.048513410623,2757.778348849932,155.80323004824868
BLST_2026_0034,2026,2026-01-11 16:49:23.883495145,2369.916470796152,2451.9607211223138,2524.773202101006,2757.778348849932,82.04425032616155
BLST_2026_0035,2026,2026-01-12 00:36:20.970873786,3018.5146150606856,2922.6229540199542,2867.4055671405686,2757.778348849932,95.89166104073138
BLST_2026_0036,2026,2026-01-12 08:23:18.058252427,2569.9061726257223,2739.0041882236364,2779.5997510708376,2757.778348849932,169.09801559791413
BLST_2026_0037,2026,2026-01-12 16:10:15.145631068,2504.124084219136,2570.1525431716664,2621.8608343300557,2757.778348849932,66.0284589525304
BLST_2026_0038,2026,2026-01-12 23:57:12.233009708,2547.227325878284,2657.719693320938,2623.295134411994,2757.778348849932,110.49236744265409
BLST_2026_0039,2026,2026-01-13 07:44:09.320388349,2338.1439110926644,2264.221006692892,2272.9316768050003,2757.778348849932,73.9229043997725
BLST_2026_0040,2026,2026-01-13 15:31:06.407766990,2407.9694091029533,2411.540923726136,2404.125653196736,2757.778348849932,3.571514623182793
BLST_2026_0041,2026,2026-01-13 23:18:03.495145631,2335.886849911711,2352.938439929805,2339.193709747039,2757.778348849932,17.051590018093975
BLST_2026_0042,2026,2026-01-14 07:05:00.582524271,3032.3687524457528,3104.792468096541,3033.3470080417965,2757.778348849932,72.42371565078838
BLST_2026_0043,2026,2026-01-14 14:51:57.669902912,2273.9305134494416,2313.63937700249,2253.2977275069543,2757.778348849932,39.70886355304856
BLST_2026_0044,2026,2026-01-14 22:38:54.757281553,2751.244499908669,2746.0805584771065,2721.2315699485794,2757.778348849932,5.163941431562307
BLST_2026_0045,2026,2026-01-15 06:25:51.844660194,2269.180018794354,2496.610105333715,2388.530228014983,2757.778348849932,227.43008653936113
BLST_2026_0046,2026,2026-01-15 14:12:48.932038835,2936.878661850203,3014.672344185288,3001.9619388578108,2757.778348849932,77.79368233508467
BLST_2026_0047,2026,2026-01-15 21:59:46.019417475,2434.857058353338,2192.7741772904665,2247.1459216617804,2757.778348849932,242.08288106287137
BLST_2026_0048,2026,2026-01-16 05:46:43.106796116,2762.585133755063,2677.6384782874625,2740.847227724919,2757.778348849932,84.94665546760052
BLST_2026_0049,2026,2026-01-16 13:33:40.194174757,2769.1613250985856,2761.092532506894,2803.8883554682757,2757.778348849932,8.068792591691818
BLST_2026_0050,2026,2026-01-16 21:20:37.281553398,2823.268804919317,2781.831081348207,2814.5827743740474,2757.778348849932,41.43772357110993
BLST_2026_0051,2026,2026-01-17 05:07:34.368932038,2525.236424842952,2502.483425739709,2479.623494275895,2757.778348849932,22.752999103242928
BLST_2026_0052,2026,2026-01-17 12:54:31.456310679,2657.793347909269,2580.6142870422027,2671.459208965592,2757.778348849932,77.17906086706626
BLST_2026_0053,2026,2026-01-17 20:41:28.543689320,2566.814722859906,2527.0959562113167,2516.0303001383236,2757.778348849932,39.71876664858928
BLST_2026_0054,2026,2026-01-18 04:28:25.631067961,2267.668171817897,2518.6625530333304,2464.833039242464,2757.778348849932,250.99438121543335
BLST_2026_0055,2026,2026-01-18 12:15:22.718446602,3077.890816104838,2740.8674497207217,2767.0068703612023,2757.778348849932,337.02336638411634
BLST_2026_0056,2026,2026-01-18 20:02:19.805825242,2879.124561508817,2939.376692245461,2914.504861719328,2757.778348849932,60.252130736644176
BLST_2026_0057,2026,2026-01-19 03:49:16.893203883,2777.9589212847536,2896.8024950276476,2947.082299625353,2757.778348849932,118.84357374289402
BLST_2026_0058,2026,2026-01-19 11:36:13.980582524,2096.683730988861,1908.3067556714316,2048.7374056925996,2757.778348849932,188.37697531742947
BLST_2026_0059,2026,2026-01-19 19:23:11.067961165,2680.550189483304,2831.822703566761,2743.0659895205167,2757.778348849932,151.27251408345683
BLST_2026_0060,2026,2026-01-20 03:10:08.155339805,2598.8544292992183,2718.5122165118964,2725.443045625837,2757.778348849932,119.65778721267816
BLST_2026_0061,2026,2026-01-20 10:57:05.242718446,2801.1554919802998,2958.7082327683934,2892.976012881517,2757.778348849932,157.55274078809362
BLST_2026_0062,2026,2026-01-20 18:44:02.330097087,2827.83688382468,2963.702168967296,2946.1734692022105,2757.778348849932,135.8652851426159
BLST_2026_0063,2026,2026-01-21 02:30:59.417475728,3135.5402389264127,2861.865638049446,2810.029501461059,2757.778348849932,273.6746008769669
BLST_2026_0064,2026,2026-01-21 10:17:56.504854369,2255.5794825229686,2163.161430368459,2288.6584184803696,2757.778348849932,92.4180521545095
BLST_2026_0065,2026,2026-01-21 18:04:53.592233009,2713.9199312987444,2516.374656233989,2541.3518383926576,2757.778348849932,197.54527506475551
BLST_2026_0066,2026,2026-01-22 01:51:50.679611650,3465.5591500622463,3317.6481484405754,3371.733249144241,2757.778348849932,147.91100162167095
BLST_2026_0067,2026,2026-01-22 09:38:47.766990291,3147.7183878274213,3077.2722293289044,3107.588912852034,2757.778348849932,70.44615849851698
BLST_2026_0068,2026,2026-01-22 17:25:44.854368932,2797.7911138197496,2631.6127833084734,2703.04843744292,2757.778348849932,166.17833051127627
BLST_2026_0069,2026,2026-01-23 01:12:41.941747572,3225.083225484248,3143.3271686818116,3103.4471800131523,2757.778348849932,81.75605680243643
BLST_2026_0070,2026,2026-01-23 08:59:39.029126213,2954.6343834738555,2934.9877325728166,2992.167538700261,2757.778348849932,19.64665090103881
BLST_2026_0071,2026,2026-01-23 16:46:36.116504854,3107.2678818462937,3160.6958586441447,3153.9808216506103,2757.778348849932,53.42797679785099
BLST_2026_0072,2026,2026-01-24 00:33:33.203883495,2370.497399949398,2566.874047966698,2509.0100294426843,2757.778348849932,196.37664801729989
BLST_2026_0073,2026,2026-01-24 08:20:30.291262136,3260.321118600253,3144.7574030102987,3219.6913137241563,2757.778348849932,115.56371558995443
BLST_2026_0074,2026,2026-01-24 16:07:27.378640776,2852.33851416417,2831.802219678652,2788.0674518526653,2757.778348849932,20.536294485518283
BLST_2026_0075,2026,2026-01-24 23:54:24.466019417,3024.657315684935,2929.9386005225124,2991.262769281513,2757.778348849932,94.71871516242254
BLST_2026_0076,2026,2026-01-25 07:41:21.553398058,2769.348962603516,2940.3228321883566,2964.88764374257,2757.778348849932,170.9738695848405
BLST_2026_0077,2026,2026-01-25 15:28:18.640776699,2311.1265431053234,2421.977868242991,2427.041724393938,2757.778348849932,110.85132513766757
BLST_2026_0078,2026,2026-01-25 23:15:15.728155339,3179.3414867701804,3029.2037502038347,3051.379749775029,2757.778348849932,150.13773656634567
BLST_2026_0079,2026,2026-01-26 07:02:12.815533980,2460.853218598118,2642.502831925775,2594.765697562523,2757.778348849932,181.64961332765688
BLST_2026_0080,2026,2026-01-26 14:49:09.902912621,2588.19573993011,2740.091364354784,2654.3597416447615,2757.778348849932,151.89562442467422
BLST_2026_0081,2026,2026-01-26 22:36:06.990291262,2553.221055128185,2691.3411460781344,2762.4527025148163,2757.778348849932,138.12009094994937
BLST_2026_0082,2026,2026-01-27 06:23:04.077669903,2779.5061383947427,2733.3707931793847,2822.038237989757,2757.778348849932,46.13534521535803
BLST_2026_0083,2026,2026-01-27 14:10:01.165048543,2849.4609713507207,3028.2576416165516,2963.1225112984434,2757.778348849932,178.79667026583093
BLST_2026_0084,2026,2026-01-27 21:56:58.252427184,2935.2335887575705,2945.89008030099,3020.2553298960047,2757.778348849932,10.656491543419634
BLST_2026_0085,2026,2026-01-28 05:43:55.339805825,2848.942989359948,2663.0229482359423,2715.398604152621,2757.778348849932,185.92004112400582
BLST_2026_0086,2026,2026-01-28 13:30:52.427184466,2947.5187209177684,3033.9603757216505,2975.6376186405882,2757.778348849932,86.4416548038821
BLST_2026_0087,2026,2026-01-28 21:17:49.514563107,2764.56606789174,2658.7475274279163,2760.9492873049658,2757.778348849932,105.81854046382387
BLST_2026_0088,2026,2026-01-29 05:04:46.601941747,2428.0052021133515,2375.7641427695426,2231.078410258146,2757.778348849932,52.241059343808956
BLST_2026_0089,2026,2026-01-29 12:51:43.689320388,3014.979767368925,3214.996546558596,3156.9756339679743,2757.778348849932,200.01677918967107
BLST_2026_0090,2026,2026-01-29 20:38:40.776699029,2553.943839149796,2674.391132037947,2713.091290391783,2757.778348849932,120.44729288815097
BLST_2026_0091,2026,2026-01-30 04:25:37.864077670,2895.464125221799,2870.8595457018437,2819.510635496369,2757.778348849932,24.604579519955223
BLST_2026_0092,2026,2026-01-30 12:12:34.951456310,2445.013358009505,2368.7621970096975,2358.760507749973,2757.778348849932,76.25116099980733
BLST_2026_0093,2026,2026-01-30 19:59:32.038834951,2676.5596137102425,2552.0760834850666,2574.4760332333262,2757.778348849932,124.48353022517585
BLST_2026_0094,2026,2026-01-31 03:46:29.126213592,3099.5394716440146,3257.1545524416347,3166.252887215258,2757.778348849932,157.61508079762007
BLST_2026_0095,2026,2026-01-31 11:33:26.213592233,2735.1777132119773,2786.5167092287434,2842.049178054326,2757.778348849932,51.33899601676603
BLST_2026_0096,2026,2026-01-31 19:20:23.300970874,2618.1420807816967,2751.245964675958,2687.872546756273,2757.778348849932,133.10388389426134
BLST_2026_0097,2026,2026-02-01 03:07:20.388349514,2173.520049645609,2103.169664488917,2124.8597931504487,2757.778348849932,70.35038515669203
BLST_2026_0098,2026,2026-02-01 10:54:17.475728155,2463.238664589575,2590.570055527647,2551.0404909961103,2757.778348849932,127.33139093807222
BLST_2026_0099,2026,2026-02-01 18:41:14.563106796,2763.2254613494288,2371.547892618207,2411.045124216599,2757.778348849932,391.677568731222
BLST_2026_0100,2026,2026-02-02 02:28:11.650485437,2525.531312650305,2506.3385457157992,2415.5595168419654,2757.778348849932,19.192766934505926
BLST_2026_0101,2026,2026-02-02 10:15:08.737864077,2362.2764087556457,2381.351227922782,2342.6226924076204,2757.778348849932,19.07481916713641
BLST_2026_0102,2026,2026-02-02 18:02:05.825242718,3313.160764570379,2988.9999672928784,3015.1010075961954,2757.778348849932,324.1607972775005
BLST_2026_0103,2026,2026-02-03 01:49:02.912621359,2490.361912088637,2364.1561611552274,2360.738229598033,2757.778348849932,126.20575093340949
BLST_2026_0104,2026,2026-02-03 09:36:00.000000000,2855.930861114201,2855.355023966214,2856.5405856948946,2757.778348849932,0.5758371479869311
BLST_2026_0105,2026,2026-02-03 17:22:57.087378641,2781.1251310367047,2681.3059003222006,2677.9536368057675,2757.778348849932,99.8192307145041
BLST_2026_0106,2026,2026-02-04 01:09:54.174757281,1802.727710803199,1907.0522060064536,1853.9275651120577,2757.778348849932,104.32449520325463
BLST_2026_0107,2026,2026-02-04 08:56:51.262135922,3006.038051499428,2980.763128822575,3008.157373627049,2757.778348849932,25.274922676853294
BLST_2026_0108,2026,2026-02-04 16:43:48.349514563,1612.9592910894844,1827.496344323103,1746.828218974505,2757.778348849932,214.5370532336185
BLST_2026_0109,2026,2026-02-05 00:30:45.436893204,3156.254999942559,3333.580597330791,3297.286118975112,2757.778348849932,177.32559738823193
BLST_2026_0110,2026,2026-02-05 08:17:42.524271844,3003.4584454323917,2836.0934027887324,2878.1647467454277,2757.778348849932,167.3650426436593
BLST_2026_0111,2026,2026-02-05 16:04:39.611650485,2670.9935840210646,2958.552099666901,2880.3457718744758,2757.778348849932,287.55851564583645
BLST_2026_0112,2026,2026-02-05 23:51:36.699029126,2724.9850147872107,2820.4290319081565,2822.340663172336,2757.778348849932,95.44401712094577
BLST_2026_0113,2026,2026-02-06 07:38:33.786407767,2535.2623199254203,2464.055601366112,2529.5728993260554,2757.778348849932,71.20671855930823
BLST_2026_0114,2026,2026-02-06 15:25:30.873786408,3067.288495816654,2983.3494856382317,3015.8423506201516,2757.778348849932,83.93901017842245
BLST_2026_0115,2026,2026-02-06 23:12:27.961165048,3037.016258459552,2914.913277711369,2891.3917405605016,2757.778348849932,122.10298074818274
BLST_2026_0116,2026,2026-02-07 06:59:25.048543689,2534.1629951082305,2582.6827670009666,2616.6789443359994,2757.778348849932,48.51977189273612
BLST_2026_0117,2026,2026-02-07 14:46:22.135922330,2335.0916257080894,2292.6855270065953,2332.5358302958048,2757.778348849932,42.4060987014941
BLST_2026_0118,2026,2026-02-07 22:33:19.223300971,2750.2762350715902,2518.447125255197,2545.4184794758803,2757.778348849932,231.82910981639316
BLST_2026_0119,2026,2026-02-08 06:20:16.310679611,2659.3487634863145,2839.3256221840006,2816.1160431057897,2757.778348849932,179.9768586976861
BLST_2026_0120,2026,2026-02-08 14:07:13.398058252,3345.066059118188,3405.7474414202197,3382.7771894770513,2757.778348849932,60.68138230203158
BLST_2026_0121,2026,2026-02-08 21:54:10.485436893,3225.7712920858235,2906.716288534545,3070.957486983722,2757.778348849932,319.05500355127833
BLST_2026_0122,2026,2026-02-09 05:41:07.572815534,2608.6129085224634,2500.0977948211857,2510.2277322142318,2757.778348849932,108.51511370127764
BLST_2026_0123,2026,2026-02-09 13:28:04.660194175,2960.9973291212104,2860.104033268653,2819.9613475638707,2757.778348849932,100.89329585255746
BLST_2026_0124,2026,2026-02-09 21:15:01.747572815,2785.072961871763,2784.1165076210186,2764.6161263121558,2757.778348849932,0.9564542507441729
BLST_2026_0125,2026,2026-02-10 05:01:58.834951456,2705.421622808211,2732.796737210758,2749.453736302007,2757.778348849932,27.375114402546842
BLST_2026_0126,2026,2026-02-10 12:48:55.922330097,2649.8339017351504,2604.1136315437557,2609.41722501939,2757.778348849932,45.720270191394775
BLST_2026_0127,2026,2026-02-10 20:35:53.009708738,2934.637668674664,2964.4382387922537,2956.200862433503,2757.778348849932,29.800570117589814
BLST_2026_0128,2026,2026-02-11 04:22:50.097087378,2958.290742073802,2894.521601309892,2927.669035934325,2757.778348849932,63.769140763909945
BLST_2026_0129,2026,2026-02-11 12:09:47.184466019,2694.2357937859742,2760.3536171101473,2687.6065683880674,2757.778348849932,66.11782332417306
BLST_2026_0130,2026,2026-02-11 19:56:44.271844660,1917.722865145373,2207.965934002402,2247.404162060646,2757.778348849932,290.2430688570289
BLST_2026_0131,2026,2026-02-12 03:43:41.359223301,2849.218533002962,2670.4824128291443,2759.5377169958088,2757.778348849932,178.73612017381765
BLST_2026_0132,2026,2026-02-12 11:30:38.446601942,2866.492383836002,2743.0909347650995,2801.1988702339722,2757.778348849932,123.40144907090234
BLST_2026_0133,2026,2026-02-12 19:17:35.533980582,2728.269670710842,2671.6658553354287,2710.915487997751,2757.778348849932,56.60381537541343
BLST_2026_0134,2026,2026-02-13 03:04:32.621359223,2632.7485921095445,2517.64696714104,2431.6514499180475,2757.778348849932,115.10162496850444
BLST_2026_0135,2026,2026-02-13 10:51:29.708737864,2685.131913016952,2885.1560561705696,2909.3140791264973,2757.778348849932,200.02414315361784
BLST_2026_0136,2026,2026-02-13 18:38:26.796116505,2383.7271783582987,2397.6182303943974,2384.110697968282,2757.778348849932,13.8910520360987
BLST_2026_0137,2026,2026-02-14 02:25:23.883495145,2575.4489279351496,2592.089216534186,2647.047734551933,2757.778348849932,16.640288599036467
BLST_2026_0138,2026,2026-02-14 10:12:20.970873786,2756.3860811853124,2653.443476851335,2655.5512690313803,2757.778348849932,102.94260433397721
BLST_2026_0139,2026,2026-02-14 17:59:18.058252427,3552.663609202629,3435.874336072503,3525.0190430650005,2757.778348849932,116.78927313012582
BLST_2026_0140,2026,2026-02-15 01:46:15.145631068,2830.438163212613,2879.859510354655,2828.157413192057,2757.778348849932,49.42134714204212
BLST_2026_0141,2026,2026-02-15 09:33:12.233009709,3286.3147073127816,3111.3249994838548,3103.6285651278736,2757.778348849932,174.98970782892684
BLST_2026_0142,2026,2026-02-15 17:20:09.320388349,2077.090530566507,2324.524649688632,2331.070639046072,2757.778348849932,247.43411912212514
BLST_2026_0143,2026,2026-02-16 01:07:06.407766990,2415.150997082126,2445.5856727764185,2480.419315269998,2757.778348849932,30.43467569429231
BLST_2026_0144,2026,2026-02-16 08:54:03.495145631,3033.8659650541845,2924.9238276203505,3034.9447592166434,2757.778348849932,108.94213743383398
BLST_2026_0145,2026,2026-02-16 16:41:00.582524272,3342.059178484541,3126.9031334421907,3241.2881193030307,2757.778348849932,215.15604504235034
BLST_2026_0146,2026,2026-02-17 00:27:57.669902912,2916.033119678959,2940.359208643907,3090.2054944845954,2757.778348849932,24.326088964948212
BLST_2026_0147,2026,2026-02-17 08:14:54.757281553,2394.515698635523,2299.1767832862943,2320.6656184931126,2757.778348849932,95.33891534922896
BLST_2026_0148,2026,2026-02-17 16:01:51.844660194,3262.7735843369,3490.078891689488,3398.5141813207956,2757.778348849932,227.305307352588
BLST_2026_0149,2026,2026-02-17 23:48:48.932038835,2762.0255935104005,2737.9509879280217,2808.1537617732083,2757.778348849932,24.07460558237881
BLST_2026_0150,2026,2026-02-18 07:35:46.019417476,2921.6244074281267,3015.9871060265446,3037.3212588296055,2757.778348849932,94.36269859841786
BLST_2026_0151,2026,2026-02-18 15:22:43.106796116,2505.098090242005,2542.0033675874115,2579.278840963204,2757.778348849932,36.905277345406375
BLST_2026_0152,2026,2026-02-18 23:09:40.194174757,2232.6536462110707,2402.026674670912,2367.623397213553,2757.778348849932,169.3730284598414
BLST_2026_0153,2026,2026-02-19 06:56:37.281553398,2652.0854701999256,2518.6298523808064,2565.128666389562,2757.778348849932,133.4556178191192
BLST_2026_0154,2026,2026-02-19 14:43:34.368932039,2616.521560252421,2630.3768658824,2699.206958271425,2757.778348849932,13.855305629979284
BLST_2026_0155,2026,2026-02-19 22:30:31.456310679,2629.083196611942,2611.8717161881946,2616.872060024962,2757.778348849932,17.211480423747616
BLST_2026_0156,2026,2026-02-20 06:17:28.543689320,2970.546853805291,2935.5040134187593,2929.763641394925,2757.778348849932,35.04284038653168
BLST_2026_0157,2026,2026-02-20 14:04:25.631067961,2595.980524471389,2548.879842116131,2545.1914327537847,2757.778348849932,47.10068235525796
BLST_2026_0158,2026,2026-02-20 21:51:22.718446602,2798.4824035743973,2599.5917601759547,2636.013414881734,2757.778348849932,198.89064339844253
BLST_2026_0159,2026,2026-02-21 05:38:19.805825243,3035.393189402504,2981.9925237345024,2966.681051946201,2757.778348849932,53.40066566800169
BLST_2026_0160,2026,2026-02-21 13:25:16.893203883,2848.520762093945,2818.1457075054177,2791.486975882076,2757.778348849932,30.37505458852729
BLST_2026_0161,2026,2026-02-21 21:12:13.980582524,2897.2218023446544,2945.0362138182745,2872.2950732210616,2757.778348849932,47.81441147362011
BLST_2026_0162,2026,2026-02-22 04:59:11.067961165,2879.4703797710004,2921.240105104464,2934.532626766342,2757.778348849932,41.76972533346361
BLST_2026_0163,2026,2026-02-22 12:46:08.155339806,2837.94293811844,2631.4516230387208,2685.1970646137843,2757.778348849932,206.49131507971924
BLST_2026_0164,2026,2026-02-22 20:33:05.242718447,2708.6065586973077,2852.6051528117805,2781.3306145598085,2757.778348849932,143.99859411447278
BLST_2026_0165,2026,2026-02-23 04:20:02.330097087,2986.44907715107,3052.933499006917,3015.634398173258,2757.778348849932,66.4844218558469
BLST_2026_0166,2026,2026-02-23 12:06:59.417475728,3303.0958865739176,3019.19494137059,3029.075364726342,2757.778348849932,283.9009452033274
BLST_2026_0167,2026,2026-02-23 19:53:56.504854369,2423.8061532460674,2603.2414964175223,2593.389770306881,2757.778348849932,179.43534317145486
BLST_2026_0168,2026,2026-02-24 03:40:53.592233010,1735.3555502178951,2023.5010342192847,1892.7926403823442,2757.778348849932,288.1454840013896
BLST_2026_0169,2026,2026-02-24 11:27:50.679611651,2762.669687653616,2522.848944061389,2543.760590166157,2757.778348849932,239.82074359222725
BLST_2026_0170,2026,2026-02-24 19:14:47.766990291,2910.503001741665,2626.981211532293,2637.456178496485,2757.778348849932,283.52179020937183
BLST_2026_0171,2026,2026-02-25 03:01:44.854368932,2973.8868462296496,2902.558076344097,2818.513958886118,2757.778348849932,71.32876988555245
BLST_2026_0172,2026,2026-02-25 10:48:41.941747573,2762.3642929498137,2689.7902718761948,2694.241034603576,2757.778348849932,72.57402107361895
BLST_2026_0173,2026,2026-02-25 18:35:39.029126214,2439.9196902708145,2647.333061138915,2571.369725692585,2757.778348849932,207.41337086810063
BLST_2026_0174,2026,2026-02-26 02:22:36.116504854,2538.7663237730726,2673.557332493282,2554.762478736049,2757.778348849932,134.79100872020945
BLST_2026_0175,2026,2026-02-26 10:09:33.203883495,3343.054761902824,3133.8512117536525,3234.973247300545,2757.778348849932,209.2035501491714
BLST_2026_0176,2026,2026-02-26 17:56:30.291262136,2656.639153020458,2781.0628592890557,2784.6458501589473,2757.778348849932,124.42370626859793
BLST_2026_0177,2026,2026-02-27 01:43:27.378640777,3395.565883404696,3038.4472049298956,3066.2930273960874,2757.778348849932,357.11867847480016
BLST_2026_0178,2026,2026-02-27 09:30:24.466019418,3025.5801451442826,3001.8731014435634,2947.7220021338994,2757.778348849932,23.70704370071917
BLST_2026_0179,2026,2026-02-27 17:17:21.553398058,1972.028789066116,2290.6058573030587,2273.640819901857,2757.778348849932,318.57706823694275
BLST_2026_0180,2026,2026-02-28 01:04:18.640776699,2506.6932054538424,2561.06997695351,2474.1587492983363,2757.778348849932,54.376771499667484
BLST_2026_0181,2026,2026-02-28 08:51:15.728155340,2664.2184812445757,2743.54919576125,2684.71789512193,2757.778348849932,79.3307145166741
BLST_2026_0182,2026,2026-02-28 16:38:12.815533981,2813.7890520063715,2774.5611752911195,2968.0199396499283,2757.778348849932,39.22787671525202
BLST_2026_0183,2026,2026-03-01 00:25:09.902912621,3296.56267655616,3334.061172469164,3298.6552209215943,2757.778348849932,37.49849591300381
BLST_2026_0184,2026,2026-03-01 08:12:06.990291262,2815.132652985032,2858.281760429187,2761.272263738776,2757.778348849932,43.149107444155106
BLST_2026_0185,2026,2026-03-01 15:59:04.077669903,2905.786891051095,3055.6312722291063,2995.9240219828894,2757.778348849932,149.8443811780112
BLST_2026_0186,2026,2026-03-01 23:46:01.165048544,2866.3162847928493,2963.456223272889,2879.9976216534665,2757.778348849932,97.13993848003975
BLST_2026_0187,2026,2026-03-02 07:32:58.252427185,3514.25407974595,3199.885461325941,3291.068282341548,2757.778348849932,314.36861842000917
BLST_2026_0188,2026,2026-03-02 15:19:55.339805825,2459.0182125696965,2349.4324165020653,2391.82531088439,2757.778348849932,109.58579606763124
BLST_2026_0189,2026,2026-03-02 23:06:52.427184466,2909.5413412988746,2683.75470166226,2746.6925101661163,2757.778348849932,225.78663963661484
BLST_2026_0190,2026,2026-03-03 06:53:49.514563107,3007.774598586075,3052.3000673738275,2969.6560482762875,2757.778348849932,44.52546878775229
BLST_2026_0191,2026,2026-03-03 14:40:46.601941748,2875.3307187920027,2617.385051548921,2667.394300764472,2757.778348849932,257.9456672430815
BLST_2026_0192,2026,2026-03-03 22:27:43.689320388,3053.308841904111,2922.655556274386,2845.2006405608618,2757.778348849932,130.6532856297249
BLST_2026_0193,2026,2026-03-04 06:14:40.776699029,2576.205659967244,2624.2696061820357,2611.9879478680946,2757.778348849932,48.063946214791486
BLST_2026_0194,2026,2026-03-04 14:01:37.864077670,2800.1667454169874,2673.879235845585,2726.2979026087028,2757.778348849932,126.28750957140255
BLST_2026_0195,2026,2026-03-04 21:48:34.951456311,2503.1574857206765,2648.8683901047157,2624.9777015862105,2757.778348849932,145.71090438403917
BLST_2026_0196,2026,2026-03-05 05:35:32.038834952,2999.428019024254,2806.059686939987,2768.4576191360948,2757.778348849932,193.36833208426697
BLST_2026_0197,2026,2026-03-05 13:22:29.126213592,2449.0900759565834,2641.9429058174965,2582.1261656222405,2757.778348849932,192.85282986091306
BLST_2026_0198,2026,2026-03-05 21:09:26.213592233,2885.345425509548,2892.9231177712263,2813.636114636067,2757.778348849932,7.577692261678294
BLST_2026_0199,2026,2026-03-06 04:56:23.300970874,2731.1763711178173,2627.196211136638,2622.83892598876,2757.778348849932,103.98015998117944
BLST_2026_0200,2026,2026-03-06 12:43:20.388349515,2630.620853299565,2598.9106870980686,2630.050327124252,2757.778348849932,31.710166201496577
BLST_2026_0201,2026,2026-03-06 20:30:17.475728155,2765.0706370349108,2830.858076330459,2785.8150051496723,2757.778348849932,65.78743929554821
BLST_2026_0202,2026,2026-03-07 04:17:14.563106796,2840.835483416891,2910.824917103547,2845.4688113667435,2757.778348849932,69.98943368665596
BLST_2026_0203,2026,2026-03-07 12:04:11.650485437,3476.273761052916,3421.9808057906653,3408.7244252094747,2757.778348849932,54.29295526225087
BLST_2026_0204,2026,2026-03-07 19:51:08.737864078,2061.1849981666883,2033.6548050340668,2045.4186508825892,2757.778348849932,27.530193132621434
BLST_2026_0205,2026,2026-03-08 03:38:05.825242719,3013.80715059278,2827.257987330773,2933.7647076576177,2757.778348849932,186.5491632620069
BLST_2026_0206,2026,2026-03-08 11:25:02.912621359,2489.553473789957,2340.2135140102678,2343.135129596716,2757.778348849932,149.33995977968925
BLST_2026_0207,2026,2026-03-08 19:12:00.000000000,2060.217602311574,2256.4489100222745,2275.2007489759035,2757.778348849932,196.23130771070055
BLST_2026_0208,2026,2026-03-09 02:58:57.087378641,2995.2731428314014,2963.0999016379496,2911.8131863194058,2757.778348849932,32.17324119345176
BLST_2026_0209,2026,2026-03-09 10:45:54.174757282,2556.911952010485,2702.056105444598,2613.005921244515,2757.778348849932,145.14415343411292
BLST_2026_0210,2026,2026-03-09 18:32:51.262135922,2809.468731111332,2836.76639858356,2858.469844922705,2757.778348849932,27.297667472228113
BLST_2026_0211,2026,2026-03-10 02:19:48.349514563,2470.4965871798368,2207.611046936928,2146.3675175307017,2757.778348849932,262.885540242909
BLST_2026_0212,2026,2026-03-10 10:06:45.436893204,3397.9774259311635,3269.194545344233,3245.319186694895,2757.778348849932,128.78288058693033
BLST_2026_0213,2026,2026-03-10 17:53:42.524271845,2689.7905673288865,2768.042550386359,2799.939689868018,2757.778348849932,78.25198305747244
BLST_2026_0214,2026,2026-03-11 01:40:39.611650486,2598.729863299257,2605.253229182384,2676.1159845295656,2757.778348849932,6.523365883127099
BLST_2026_0215,2026,2026-03-11 09:27:36.699029126,2543.469341286778,2432.76198585165,2402.1593254498857,2757.778348849932,110.70735543512819
BLST_2026_0216,2026,2026-03-11 17:14:33.786407767,2735.424105047953,2881.362345357806,2894.5077120272235,2757.778348849932,145.93824030985297
BLST_2026_0217,2026,2026-03-12 01:01:30.873786408,2974.736992917421,3066.5953520741687,3012.0741220867685,2757.778348849932,91.85835915674761
BLST_2026_0218,2026,2026-03-12 08:48:27.961165049,1987.7665963492989,2245.9239780303,2130.3362836199067,2757.778348849932,258.1573816810012
BLST_2026_0219,2026,2026-03-12 16:35:25.048543689,2740.2796890211525,2745.879716132242,2746.2342012809036,2757.778348849932,5.600027111089275
BLST_2026_0220,2026,2026-03-13 00:22:22.135922330,3002.308919934583,2727.188678570682,2716.28363579336,2757.778348849932,275.1202413639012
BLST_2026_0221,2026,2026-03-13 08:09:19.223300971,2414.750705143406,2319.1179518745835,2328.5193481281253,2757.778348849932,95.6327532688224
BLST_2026_0222,2026,2026-03-13 15:56:16.310679612,2606.7109246307214,2667.004241626902,2656.8009115614395,2757.778348849932,60.29331699618069
BLST_2026_0223,2026,2026-03-13 23:43:13.398058253,2291.4569287128293,2427.1925956645937,2359.441430309094,2757.778348849932,135.73566695176441
BLST_2026_0224,2026,2026-03-14 07:30:10.485436893,3630.3807878322327,3455.6676661173774,3374.9963501590028,2757.778348849932,174.71312171485533
BLST_2026_0225,2026,2026-03-14 15:17:07.572815534,3008.457847073306,3022.339527801944,2994.438578243333,2757.778348849932,13.881680728638003
BLST_2026_0226,2026,2026-03-14 23:04:04.660194175,2670.420496844378,2617.769970191721,2649.4565711589908,2757.778348849932,52.650526652656936
BLST_2026_0227,2026,2026-03-15 06:51:01.747572816,3426.0001962097767,3484.9123628506013,3460.382979309707,2757.778348849932,58.91216664082458
BLST_2026_0228,2026,2026-03-15 14:37:58.834951456,2432.2056859870004,2438.4987610360727,2404.7859737685717,2757.778348849932,6.293075049072286
BLST_2026_0229,2026,2026-03-15 22:24:55.922330097,3371.675240511646,3223.6697778915363,3170.5496234429693,2757.778348849932,148.00546262010948
BLST_2026_0230,2026,2026-03-16 06:11:53.009708738,2448.310015124255,2338.5733720982325,2299.6490351701323,2757.778348849932,109.73664302602265
BLST_2026_0231,2026,2026-03-16 13:58:50.097087379,2943.0202987141897,2968.730147046285,3001.5480413836513,2757.778348849932,25.709848332095135
BLST_2026_0232,2026,2026-03-16 21:45:47.184466020,2736.820448043317,2684.711136024513,2660.26995272518,2757.778348849932,52.10931201880385
BLST_2026_0233,2026,2026-03-17 05:32:44.271844660,2936.271418573645,3000.1261237376184,3035.6777041217897,2757.778348849932,63.85470516397345
BLST_2026_0234,2026,2026-03-17 13:19:41.359223301,2437.4633668590777,2515.9615661608377,2490.7291376638977,2757.778348849932,78.49819930176
BLST_2026_0235,2026,2026-03-17 21:06:38.446601942,2988.781852809189,3126.1209207768593,3089.6184061957,2757.778348849932,137.33906796767042
BLST_2026_0236,2026,2026-03-18 04:53:35.533980583,2274.520570576481,2222.4278009455616,2230.0424074489893,2757.778348849932,52.09276963091952
BLST_2026_0237,2026,2026-03-18 12:40:32.621359223,2972.088579635744,3030.7427702986215,3017.1532146694008,2757.778348849932,58.65419066287768
BLST_2026_0238,2026,2026-03-18 20:27:29.708737864,2283.571657771743,2407.959782757952,2368.7338060995075,2757.778348849932,124.38812498620882
BLST_2026_0239,2026,2026-03-19 04:14:26.796116505,3399.151092287712,3258.0296109357705,3198.9736524365703,2757.778348849932,141.12148135194138
BLST_2026_0240,2026,2026-03-19 12:01:23.883495146,3041.3217722247323,2803.9471833438456,2805.7389169406597,2757.778348849932,237.37458888088668
BLST_2026_0241,2026,2026-03-19 19:48:20.970873787,2854.339660731999,2776.324621396255,2853.3440349104367,2757.778348849932,78.01503933574395
BLST_2026_0242,2026,2026-03-20 03:35:18.058252427,3026.358911339352,2663.3932890241663,2738.5506962480895,2757.778348849932,362.96562231518556
BLST_2026_0243,2026,2026-03-20 11:22:15.145631068,2725.791170367352,2774.1914747372807,2833.758180449294,2757.778348849932,48.40030436992856
BLST_2026_0244,2026,2026-03-20 19:09:12.233009709,2724.032682062182,2882.567890184197,2811.254868462822,2757.778348849932,158.53520812201486
BLST_2026_0245,2026,2026-03-21 02:56:09.320388350,3350.9306506080115,3256.3516113465366,3197.265882283716,2757.778348849932,94.57903926147492
BLST_2026_0246,2026,2026-03-21 10:43:06.407766990,3158.134294125353,3189.166558617427,3143.9941097903043,2757.778348849932,31.03226449207432
BLST_2026_0247,2026,2026-03-21 18:30:03.495145631,3010.50416301331,2998.000795841489,3086.589705371473,2757.778348849932,12.503367171821083
BLST_2026_0248,2026,2026-03-22 02:17:00.582524272,2356.827088280651,2511.9346479840906,2459.2830818003604,2757.778348849932,155.10755970343962
BLST_2026_0249,2026,2026-03-22 10:03:57.669902913,2982.5366837671645,2694.6729266459406,2702.040418936435,2757.778348849932,287.8637571212239
BLST_2026_0250,2026,2026-03-22 17:50:54.757281554,2373.4857834819545,2539.6897265752696,2495.1286928125037,2757.778348849932,166.20394309331505
BLST_2026_0251,2026,2026-03-23 01:37:51.844660194,2632.6781491337183,2811.4179316540162,2715.3329675881646,2757.778348849932,178.73978252029792
BLST_2026_0252,2026,2026-03-23 09:24:48.932038835,2224.0360004829768,2558.671292068658,2586.400191415375,2757.778348849932,334.63529158568144
BLST_2026_0253,2026,2026-03-23 17:11:46.019417476,2587.799881276253,2673.837180646047,2744.933646504421,2757.778348849932,86.0372993697938
BLST_2026_0254,2026,2026-03-24 00:58:43.106796117,2990.927473009622,3015.4223334596177,3013.001437213489,2757.778348849932,24.494860449995485
BLST_2026_0255,2026,2026-03-24 08:45:40.194174757,3267.887356780136,3289.623583199751,3304.7996942504915,2757.778348849932,21.736226419614923
BLST_2026_0256,2026,2026-03-24 16:32:37.281553398,2973.061594452211,2854.0807752652427,2809.402795256171,2757.778348849932,118.98081918696835
BLST_2026_0257,2026,2026-03-25 00:19:34.368932039,2443.7233394239,2465.1346044476204,2425.745236108954,2757.778348849932,21.41126502372026
BLST_2026_0258,2026,2026-03-25 08:06:31.456310680,2771.956045286944,2703.8237279517184,2682.7958611126646,2757.778348849932,68.13231733522571
BLST_2026_0259,2026,2026-03-25 15:53:28.543689321,3249.3923641744605,3052.7141847245935,3026.639160530293,2757.778348849932,196.678179449867
BLST_2026_0260,2026,2026-03-25 23:40:25.631067961,2492.704786435842,2389.8297452328234,2331.9356945131494,2757.778348849932,102.87504120301855
BLST_2026_0261,2026,2026-03-26 07:27:22.718446602,2273.4039219427245,2281.3302897763915,2333.7276282208322,2757.778348849932,7.926367833666973
BLST_2026_0262,2026,2026-03-26 15:14:19.805825243,3125.494901671917,3054.2416597772067,3049.6390975717436,2757.778348849932,71.2532418947103
BLST_2026_0263,2026,2026-03-26 23:01:16.893203884,2548.1901639600574,2565.4466478782674,2540.502770638227,2757.778348849932,17.25648391821005
BLST_2026_0264,2026,2026-03-27 06:48:13.980582524,3190.9733069010163,3184.244713592166,3109.3557537745737,2757.778348849932,6.728593308850122
BLST_2026_0265,2026,2026-03-27 14:35:11.067961165,2528.237437391642,2651.193023957189,2669.0818603840853,2757.778348849932,122.95558656554704
BLST_2026_0266,2026,2026-03-27 22:22:08.155339806,3590.044445842899,3302.03067894246,3442.1486422519297,2757.778348849932,288.01376690043935
BLST_2026_0267,2026,2026-03-28 06:09:05.242718447,2834.181282717246,2906.125329571496,2821.576996174226,2757.778348849932,71.94404685424979
BLST_2026_0268,2026,2026-03-28 13:56:02.330097088,2278.446427003405,2445.3059671008896,2482.487870160707,2757.778348849932,166.85954009748457
BLST_2026_0269,2026,2026-03-28 21:42:59.417475728,2998.3914361719494,3005.5836252745503,2933.4023447518525,2757.778348849932,7.192189102600878
BLST_2026_0270,2026,2026-03-29 05:29:56.504854369,2357.3582178354404,2454.652700456632,2446.8545481063134,2757.778348849932,97.29448262119149
BLST_2026_0271,2026,2026-03-29 13:16:53.592233010,2458.811486631961,2484.4373901189538,2428.1534240195624,2757.778348849932,25.625903486992684
BLST_2026_0272,2026,2026-03-29 21:03:50.679611651,2626.6139700484528,2563.8931747645165,2536.0819224161705,2757.778348849932,62.72079528393624
BLST_2026_0273,2026,2026-03-30 04:50:47.766990291,2309.675033525698,2227.6599890662915,2255.6386277274987,2757.778348849932,82.01504445940645
BLST_2026_0274,2026,2026-03-30 12:37:44.854368932,2670.9859779905864,2339.7792688755444,2411.782472636228,2757.778348849932,331.20670911504203
BLST_2026_0275,2026,2026-03-30 20:24:41.941747573,3241.001614524577,3089.532341368715,3098.0765498299675,2757.778348849932,151.46927315586163
BLST_2026_0276,2026,2026-03-31 04:11:39.029126214,2377.887607766673,2490.709737875462,2472.6832962626054,2757.778348849932,112.82213010878877
BLST_2026_0277,2026,2026-03-31 11:58:36.116504855,2707.8495829640974,2840.6911197268682,2864.2447623232333,2757.778348849932,132.84153676277083
BLST_2026_0278,2026,2026-03-31 19:45:33.203883495,2576.736833248028,2472.9947983960683,2455.4116460490914,2757.778348849932,103.74203485195949
BLST_2026_0279,2026,2026-04-01 03:32:30.291262136,3204.677136660196,3108.4553327917274,3085.631954443891,2757.778348849932,96.22180386846867
BLST_2026_0280,2026,2026-04-01 11:19:27.378640777,2429.554942272757,2318.8116323825434,2339.245112994486,2757.778348849932,110.74330989021382
BLST_2026_0281,2026,2026-04-01 19:06:24.466019418,2488.1432689552607,2352.7912179965747,2386.88010075216,2757.778348849932,135.35205095868605
BLST_2026_0282,2026,2026-04-02 02:53:21.553398058,2559.475890693191,2386.9444809033175,2443.4483926250905,2757.778348849932,172.53140978987358
BLST_2026_0283,2026,2026-04-02 10:40:18.640776699,2798.636892940136,3015.1385281294392,2969.871283762593,2757.778348849932,216.50163518930322
BLST_2026_0284,2026,2026-04-02 18:27:15.728155340,2997.004177350187,2826.3548028860805,2800.584312803963,2757.778348849932,170.6493744641066
BLST_2026_0285,2026,2026-04-03 02:14:12.815533981,2838.1949606663534,2602.7920873875523,2717.7510557494347,2757.778348849932,235.40287327880105
BLST_2026_0286,2026,2026-04-03 10:01:09.902912622,2769.3214841373483,3090.5876792716585,3042.770273953683,2757.778348849932,321.26619513431024
BLST_2026_0287,2026,2026-04-03 17:48:06.990291262,2936.5425846941066,2992.960283083831,2988.735960928833,2757.778348849932,56.41769838972459
BLST_2026_0288,2026,2026-04-04 01:35:04.077669903,2801.7559105658256,2498.5529841855487,2402.331524730696,2757.778348849932,303.20292638027695
BLST_2026_0289,2026,2026-04-04 09:22:01.165048544,2887.6091878036805,3009.338188694563,2908.630913408557,2757.778348849932,121.72900089088262
BLST_2026_0290,2026,2026-04-04 17:08:58.252427185,1942.7572142631332,2011.0841821725191,2011.2792909139494,2757.778348849932,68.32696790938598
BLST_2026_0291,2026,2026-04-05 00:55:55.339805825,2806.754284430273,2719.575835052972,2766.9855003135267,2757.778348849932,87.17844937730115
BLST_2026_0292,2026,2026-04-05 08:42:52.427184466,2280.6670191388685,2630.38638578534,2620.5944601752976,2757.778348849932,349.71936664647137
BLST_2026_0293,2026,2026-04-05 16:29:49.514563107,3258.332085978359,2974.51435526169,3029.9014493672503,2757.778348849932,283.81773071666885
BLST_2026_0294,2026,2026-04-06 00:16:46.601941748,2416.935498042052,2431.026992535785,2461.771690232352,2757.778348849932,14.09149449373308
BLST_2026_0295,2026,2026-04-06 08:03:43.689320389,2977.170270146454,3079.696204621764,3028.7838992060733,2757.778348849932,102.5259344753099
BLST_2026_0296,2026,2026-04-06 15:50:40.776699029,2527.2074882354955,2495.90490327746,2449.7329815076528,2757.778348849932,31.302584958035368
BLST_2026_0297,2026,2026-04-06 23:37:37.864077670,2699.99961383796,2461.9449908288425,2546.080473432413,2757.778348849932,238.05462300911768
BLST_2026_0298,2026,2026-04-07 07:24:34.951456311,3416.8769364319323,3123.583953789117,3137.388499707915,2757.778348849932,293.29298264281533
BLST_2026_0299,2026,2026-04-07 15:11:32.038834952,2412.565029721267,2380.3153508133205,2397.325107369144,2757.778348849932,32.24967890794642
BLST_2026_0300,2026,2026-04-07 22:58:29.126213592,2626.354379239576,2732.9910150287005,2705.52024405814,2757.778348849932,106.63663578912474
BLST_2026_0301,2026,2026-04-08 06:45:26.213592233,3263.8440714030626,3088.7400916970105,3117.9952812532924,2757.778348849932,175.1039797060521
BLST_2026_0302,2026,2026-04-08 14:32:23.300970874,3396.300168992328,3352.5754402922416,3284.80191199375,2757.778348849932,43.724728700086416
BLST_2026_0303,2026,2026-04-08 22:19:20.388349515,2686.32314831704,2468.6550694099874,2558.6905454434677,2757.778348849932,217.6680789070524
BLST_2026_0304,2026,2026-04-09 06:06:17.475728156,2903.880161038981,2987.333340521859,2940.89990921254,2757.778348849932,83.45317948287811
BLST_2026_0305,2026,2026-04-09 13:53:14.563106796,2684.4494103196844,2608.387679070403,2687.632210083777,2757.778348849932,76.06173124928137
BLST_2026_0306,2026,2026-04-09 21:40:11.650485437,2372.4507522442946,2233.9462939389086,2254.9307328432815,2757.778348849932,138.50445830538592
BLST_2026_0307,2026,2026-04-10 05:27:08.737864078,2904.934462949393,2777.3446921057293,2824.553587839878,2757.778348849932,127.5897708436637
BLST_2026_0308,2026,2026-04-10 13:14:05.825242719,2869.130202450575,2799.1816737808404,2752.3713532793936,2757.778348849932,69.94852866973451
BLST_2026_0309,2026,2026-04-10 21:01:02.912621359,1906.963195656528,2086.3913627558404,2041.3458104573624,2757.778348849932,179.42816709931253
BLST_2026_0310,2026,2026-04-11 04:48:00.000000000,2612.662623651593,2489.3488608765997,2540.2209619168757,2757.778348849932,123.31376277499339
BLST_2026_0311,2026,2026-04-11 12:34:57.087378641,3618.5709143888826,3522.7896105156115,3505.1422593099333,2757.778348849932,95.7813038732711
BLST_2026_0312,2026,2026-04-11 20:21:54.174757282,2756.393303603951,2754.633814285319,2659.258108146613,2757.778348849932,1.7594893186319496
BLST_2026_0313,2026,2026-04-12 04:08:51.262135923,2684.562917047725,2537.5734305879178,2606.686640085422,2757.778348849932,146.98948645980727
BLST_2026_0314,2026,2026-04-12 11:55:48.349514563,2724.8056397324267,2820.104463118821,2732.7066850482884,2757.778348849932,95.29882338639436
BLST_2026_0315,2026,2026-04-12 19:42:45.436893204,2353.0376879256987,2342.10670193967,2383.980188400471,2757.778348849932,10.930985986028645
BLST_2026_0316,2026,2026-04-13 03:29:42.524271845,3022.2470829111044,2822.797051462136,2900.750153590587,2757.778348849932,199.45003144896828
BLST_2026_0317,2026,2026-04-13 11:16:39.611650486,2774.068630357678,2967.3083264653355,2943.8267763880085,2757.778348849932,193.23969610765744
BLST_2026_0318,2026,2026-04-13 19:03:36.699029126,2242.4132045527545,2344.4698089866656,2314.281611420005,2757.778348849932,102.05660443391116
BLST_2026_0319,2026,2026-04-14 02:50:33.786407767,3479.4324288193125,3599.9991691618807,3488.474291693442,2757.778348849932,120.56674034256821
BLST_2026_0320,2026,2026-04-14 10:37:30.873786408,2823.657744257421,2866.4787975363743,2863.7495296156712,2757.778348849932,42.82105327895306
BLST_2026_0321,2026,2026-04-14 18:24:27.961165049,2816.4882717402875,3003.1699888573353,2990.613886584504,2757.778348849932,186.6817171170478
BLST_2026_0322,2026,2026-04-15 02:11:25.048543690,2415.574418909704,2396.3243191619267,2407.364825374225,2757.778348849932,19.250099747777313
BLST_2026_0323,2026,2026-04-15 09:58:22.135922330,3020.253060536822,3241.9748356757023,3171.08094718103,2757.778348849932,221.72177513888028
BLST_2026_0324,2026,2026-04-15 17:45:19.223300972,2516.518510953699,2753.5861539516463,2727.666709988471,2757.778348849932,237.06764299794713
BLST_2026_0325,2026,2026-04-16 01:32:16.310679612,2561.2138638191204,2758.848252121191,2687.4430683062396,2757.778348849932,197.63438830207042
BLST_2026_0326,2026,2026-04-16 09:19:13.398058252,3392.188977581644,3470.3333702820146,3532.198802408425,2757.778348849932,78.14439270037064
BLST_2026_0327,2026,2026-04-16 17:06:10.485436894,2556.067038629913,2462.471565987417,2461.377590206277,2757.778348849932,93.59547264249613
BLST_2026_0328,2026,2026-04-17 00:53:07.572815534,2983.4310466173697,2364.45604492871,2416.412163491281,2757.778348849932,618.9750016886596
BLST_2026_0329,2026,2026-04-17 08:40:04.660194174,2814.2685590449337,2991.6002845817266,2934.5193643204957,2757.778348849932,177.33172553679287
BLST_2026_0330,2026,2026-04-17 16:27:01.747572816,3215.9868485115544,3427.968728726281,3369.265190689878,2757.778348849932,211.98188021472652
BLST_2026_0331,2026,2026-04-18 00:13:58.834951456,2459.946202123107,2433.7690622750233,2574.3827135113456,2757.778348849932,26.177139848083698
BLST_2026_0332,2026,2026-04-18 08:00:55.922330098,3000.132847303556,2991.666499235792,2942.288897617868,2757.778348849932,8.466348067764102
BLST_2026_0333,2026,2026-04-18 15:47:53.009708738,2575.807448587174,2809.35889012079,2854.9756865244367,2757.778348849932,233.55144153361607
BLST_2026_0334,2026,2026-04-18 23:34:50.097087378,2588.3903598422053,2601.831689517987,2674.394124204797,2757.778348849932,13.441329675781617
BLST_2026_0335,2026,2026-04-19 07:21:47.184466020,2656.2506994136784,2550.104637713979,2579.375435726314,2757.778348849932,106.1460616996992
BLST_2026_0336,2026,2026-04-19 15:08:44.271844660,2090.639436863713,1990.4070417197524,2098.3249115555286,2757.778348849932,100.2323951439605
BLST_2026_0337,2026,2026-04-19 22:55:41.359223302,2200.7899800471228,2294.6747527506373,2275.4787438173944,2757.778348849932,93.8847727035145
BLST_2026_0338,2026,2026-04-20 06:42:38.446601942,2479.2438768405086,2727.01574960132,2717.259172815191,2757.778348849932,247.77187276081122
BLST_2026_0339,2026,2026-04-20 14:29:35.533980582,2536.141127183827,2617.618329424804,2679.6491850005905,2757.778348849932,81.47720224097702
BLST_2026_0340,2026,2026-04-20 22:16:32.621359224,2386.7439989935488,2375.1938088451225,2466.4053044330967,2757.778348849932,11.550190148426282
BLST_2026_0341,2026,2026-04-21 06:03:29.708737864,3175.254348290531,2948.079487674628,3124.592974201767,2757.778348849932,227.17486061590307
BLST_2026_0342,2026,2026-04-21 13:50:26.796116506,2896.110564117312,2948.163747285146,2938.1157812433357,2757.778348849932,52.05318316783405
BLST_2026_0343,2026,2026-04-21 21:37:23.883495146,2578.7735380821546,2693.625281860617,2660.601158653662,2757.778348849932,114.8517437784626
BLST_2026_0344,2026,2026-04-22 05:24:20.970873786,2638.276768115482,3036.780131835497,2938.021095727372,2757.778348849932,398.50336372001493
BLST_2026_0345,2026,2026-04-22 13:11:18.058252428,3019.9082944455267,3078.8751961797443,2981.2469925315254,2757.778348849932,58.96690173421757
BLST_2026_0346,2026,2026-04-22 20:58:15.145631068,2570.1293449399345,2692.088173574846,2780.7649727924495,2757.778348849932,121.9588286349117
BLST_2026_0347,2026,2026-04-23 04:45:12.233009708,2631.473257547339,2632.468919630565,2535.232151556689,2757.778348849932,0.9956620832258523
BLST_2026_0348,2026,2026-04-23 12:32:09.320388350,2968.442443918917,2733.665627226882,2767.278551751014,2757.778348849932,234.77681669203503
BLST_2026_0349,2026,2026-04-23 20:19:06.407766990,2590.716508049617,2575.219935686077,2604.1922263495117,2757.778348849932,15.496572363540054
BLST_2026_0350,2026,2026-04-24 04:06:03.495145632,2511.1926182525503,2388.6510550736316,2364.211687316755,2757.778348849932,122.54156317891875
BLST_2026_0351,2026,2026-04-24 11:53:00.582524272,2707.46353576087,2843.222205139632,2800.8607292581764,2757.778348849932,135.75866937876208
BLST_2026_0352,2026,2026-04-24 19:39:57.669902912,2769.7803910640628,2665.9717922754617,2692.5246478860154,2757.778348849932,103.8085987886011
BLST_2026_0353,2026,2026-04-25 03:26:54.757281554,2991.8994060608097,2893.966424628735,2907.447143378212,2757.778348849932,97.93298143207494
BLST_2026_0354,2026,2026-04-25 11:13:51.844660194,3255.671120043693,3118.6980706675654,3152.443872753276,2757.778348849932,136.97304937612762
BLST_2026_0355,2026,2026-04-25 19:00:48.932038836,2737.0324141695105,2874.2327109569496,2831.2991789214793,2757.778348849932,137.20029678743913
BLST_2026_0356,2026,2026-04-26 02:47:46.019417476,3087.752494455404,3029.328930656154,3184.718700940175,2757.778348849932,58.42356379924968
BLST_2026_0357,2026,2026-04-26 10:34:43.106796116,2861.1900409864743,2689.300317447472,2717.1964526986553,2757.778348849932,171.88972353900226
BLST_2026_0358,2026,2026-04-26 18:21:40.194174758,2888.619801563956,2804.337187273205,2875.987377325588,2757.778348849932,84.2826142907511
BLST_2026_0359,2026,2026-04-27 02:08:37.281553398,2833.721850128569,2763.8884211000377,2728.090430230915,2757.778348849932,69.8334290285311
BLST_2026_0360,2026,2026-04-27 09:55:34.368932040,3335.209237972534,3476.458500035858,3522.8507301773743,2757.778348849932,141.24926206332384
BLST_2026_0361,2026,2026-04-27 17:42:31.456310680,2726.2471933241563,2816.871237640623,2816.591151449894,2757.778348849932,90.62404431646655
BLST_2026_0362,2026,2026-04-28 01:29:28.543689320,2068.944424757688,2121.915870498556,2126.891803496749,2757.778348849932,52.97144574086815
BLST_2026_0363,2026,2026-04-28 09:16:25.631067962,2360.9841208000817,2059.92340810013,2126.6895446775193,2757.778348849932,301.06071269995164
BLST_2026_0364,2026,2026-04-28 17:03:22.718446602,2713.032595538419,2601.9027742872604,2706.829432254058,2757.778348849932,111.12982125115877
BLST_2026_0365,2026,2026-04-29 00:50:19.805825242,3127.582075781861,3312.559194844802,3221.4066483544507,2757.778348849932,184.9771190629408
BLST_2026_0366,2026,2026-04-29 08:37:16.893203884,2640.439441124018,2434.56124252242,2607.6695076633546,2757.778348849932,205.8781986015979
BLST_2026_0367,2026,2026-04-29 16:24:13.980582524,2447.800183433936,2289.4930497343917,2368.8438031489945,2757.778348849932,158.30713369954447
BLST_2026_0368,2026,2026-04-30 00:11:11.067961166,2542.5617996624865,2506.514779014574,2591.0932027965064,2757.778348849932,36.04702064791263
BLST_2026_0369,2026,2026-04-30 07:58:08.155339806,2466.0997422449045,2407.791441420278,2459.7082638364845,2757.778348849932,58.30830082462671
BLST_2026_0370,2026,2026-04-30 15:45:05.242718446,2469.4526990393133,2591.507810488743,2544.824438308988,2757.778348849932,122.05511144942966
BLST_2026_0371,2026,2026-04-30 23:32:02.330097088,2752.94140965034,2597.7638450737995,2569.83318874371,2757.778348849932,155.1775645765406
BLST_2026_0372,2026,2026-05-01 07:18:59.417475728,2731.9959087311454,2917.984985303257,2875.569008935674,2757.778348849932,185.98907657211157
BLST_2026_0373,2026,2026-05-01 15:05:56.504854370,2759.442662624928,2777.2303056890682,2748.152945005634,2757.778348849932,17.78764306414041
BLST_2026_0374,2026,2026-05-01 22:52:53.592233010,2400.305242828983,2579.8463021190623,2483.2836566714227,2757.778348849932,179.54105929007937
BLST_2026_0375,2026,2026-05-02 06:39:50.679611650,2571.4699295497894,2552.149320150519,2608.4188666185805,2757.778348849932,19.320609399270325
BLST_2026_0376,2026,2026-05-02 14:26:47.766990292,2977.161347513243,2951.8647085328416,2925.374230971831,2757.778348849932,25.29663898040144
BLST_2026_0377,2026,2026-05-02 22:13:44.854368932,2712.7151802921044,2772.9949714431737,2796.552141284872,2757.778348849932,60.279791151069276
BLST_2026_0378,2026,2026-05-03 06:00:41.941747574,2731.1958103981724,2747.7633570418375,2673.715243060368,2757.778348849932,16.567546643665082
BLST_2026_0379,2026,2026-05-03 13:47:39.029126214,2597.140533953401,2695.676692731155,2644.2976556476756,2757.778348849932,98.53615877775428
BLST_2026_0380,2026,2026-05-03 21:34:36.116504854,3303.970216579081,3003.4104302348305,3129.7982000481843,2757.778348849932,300.55978634425037
BLST_2026_0381,2026,2026-05-04 05:21:33.203883496,2423.511552405694,2731.849019148182,2638.0255664886904,2757.778348849932,308.3374667424878
BLST_2026_0382,2026,2026-05-04 13:08:30.291262136,2919.141772529656,3028.527834886324,2908.3440165006655,2757.778348849932,109.38606235666794
BLST_2026_0383,2026,2026-05-04 20:55:27.378640776,3616.1939333764735,3652.659437144159,3609.9534567664764,2757.778348849932,36.46550376768528
BLST_2026_0384,2026,2026-05-05 04:42:24.466019418,4138.0067357620255,3759.8438454051825,3922.0064253608134,2757.778348849932,378.16289035684304
BLST_2026_0385,2026,2026-05-05 12:29:21.553398058,2634.9678600934903,2667.195793941863,2717.235914191765,2757.778348849932,32.227933848372686
BLST_2026_0386,2026,2026-05-05 20:16:18.640776700,3135.993564159994,2907.618735294727,2980.017055363969,2757.778348849932,228.37482886526732
BLST_2026_0387,2026,2026-05-06 04:03:15.728155340,2358.131075122854,2558.109808824626,2542.5582864158937,2757.778348849932,199.97873370177194
BLST_2026_0388,2026,2026-05-06 11:50:12.815533980,2826.8796470282505,2817.7006797715476,2771.4654906514106,2757.778348849932,9.17896725670289
BLST_2026_0389,2026,2026-05-06 19:37:09.902912622,3047.38678436157,3032.408991578985,3122.0439530066346,2757.778348849932,14.977792782584856
BLST_2026_0390,2026,2026-05-07 03:24:06.990291262,3210.5710596062654,3381.629002351144,3211.560904162274,2757.778348849932,171.0579427448788
BLST_2026_0391,2026,2026-05-07 11:11:04.077669904,2743.004875426001,2578.9005644886474,2674.3275620583754,2757.778348849932,164.1043109373536
BLST_2026_0392,2026,2026-05-07 18:58:01.165048544,2430.2244387325786,2378.1934694252177,2458.1477203545496,2757.778348849932,52.03096930736092
BLST_2026_0393,2026,2026-05-08 02:44:58.252427184,2197.146724646309,2317.2246849131616,2225.016472553165,2757.778348849932,120.07796026685264
BLST_2026_0394,2026,2026-05-08 10:31:55.339805826,2893.2597784330937,3124.639057589663,3113.028071509881,2757.778348849932,231.37927915656928
BLST_2026_0395,2026,2026-05-08 18:18:52.427184466,3084.710004322043,2835.7210192718753,2919.6161636645047,2757.778348849932,248.98898505016768
BLST_2026_0396,2026,2026-05-09 02:05:49.514563108,2900.267215088851,2802.8363029187494,2770.580733768509,2757.778348849932,97.43091217010169
BLST_2026_0397,2026,2026-05-09 09:52:46.601941748,2129.8196480058687,2239.784877214586,2228.6749822115007,2757.778348849932,109.96522920871712
BLST_2026_0398,2026,2026-05-09 17:39:43.689320388,2321.4089269577794,2391.2168978664586,2337.714596542234,2757.778348849932,69.80797090867918
BLST_2026_0399,2026,2026-05-10 01:26:40.776699030,2855.2499127939136,2864.341859120459,2837.4887496607007,2757.778348849932,9.09194632654544
BLST_2026_0400,2026,2026-05-10 09:13:37.864077670,2139.336350782874,2291.546099697163,2302.0993314071416,2757.778348849932,152.20974891428887
BLST_2026_0401,2026,2026-05-10 17:00:34.951456310,3094.4611593624763,2913.8121521958738,2966.843983947215,2757.778348849932,180.6490071666026
BLST_2026_0402,2026,2026-05-11 00:47:32.038834952,2999.3758725784573,2822.6492550091716,2793.4456645677474,2757.778348849932,176.72661756928574
BLST_2026_0403,2026,2026-05-11 08:34:29.126213592,2557.0834068121003,2583.335294270515,2527.8648406677967,2757.778348849932,26.251887458414785
BLST_2026_0404,2026,2026-05-11 16:21:26.213592234,3371.5108339198105,3099.447738483676,3091.7860645872215,2757.778348849932,272.0630954361345
BLST_2026_0405,2026,2026-05-12 00:08:23.300970874,3249.259550060476,3065.049787045692,3086.354587611474,2757.778348849932,184.20976301478413
BLST_2026_0406,2026,2026-05-12 07:55:20.388349514,3539.7866206551844,3469.185107227538,3391.9581106097794,2757.778348849932,70.6015134276463
BLST_2026_0407,2026,2026-05-12 15:42:17.475728156,2287.0485729780485,2341.345394558119,2359.2317064979643,2757.778348849932,54.29682158007063
BLST_2026_0408,2026,2026-05-12 23:29:14.563106796,2277.7359116490284,2291.5515893375314,2272.205400048951,2757.778348849932,13.815677688503001
BLST_2026_0409,2026,2026-05-13 07:16:11.650485438,3008.6261024887776,3239.1506658610797,3030.498057421647,2757.778348849932,230.52456337230205
BLST_2026_0410,2026,2026-05-13 15:03:08.737864078,2948.054781108961,3161.8621168088025,2993.9155105120276,2757.778348849932,213.8073356998416
BLST_2026_0411,2026,2026-05-13 22:50:05.825242718,2463.782073322475,2300.885199969053,2325.8363974706012,2757.778348849932,162.89687335342205
BLST_2026_0412,2026,2026-05-14 06:37:02.912621360,2724.4290088811053,2570.417018845744,2533.3827040041024,2757.778348849932,154.01199003536112
BLST_2026_0413,2026,2026-05-14 14:24:00.000000000,2270.320370542649,2584.0418366340027,2616.6022525192893,2757.778348849932,313.7214660913537
BLST_2026_0414,2026,2026-05-14 22:10:57.087378642,3270.7660992808915,3044.307949601128,3129.4426850584478,2757.778348849932,226.45814967976366
BLST_2026_0415,2026,2026-05-15 05:57:54.174757282,2412.00726489928,2563.472060024751,2514.852876096802,2757.778348849932,151.46479512547103
BLST_2026_0416,2026,2026-05-15 13:44:51.262135922,3621.053787728505,3207.6131521379098,3357.504609419274,2757.778348849932,413.4406355905953
BLST_2026_0417,2026,2026-05-15 21:31:48.349514564,2752.991746752742,2925.6340937326127,2859.730664547596,2757.778348849932,172.64234697987058
BLST_2026_0418,2026,2026-05-16 05:18:45.436893204,2554.7143254037187,2533.5016169089236,2501.072756709831,2757.778348849932,21.21270849479515
BLST_2026_0419,2026,2026-05-16 13:05:42.524271844,2776.274041800076,2734.4287460305977,2721.540674694111,2757.778348849932,41.84529576947807
BLST_2026_0420,2026,2026-05-16 20:52:39.611650486,2635.352146762681,2683.77136684398,2639.615878425379,2757.778348849932,48.419220081299045
BLST_2026_0421,2026,2026-05-17 04:39:36.699029126,2721.8327892838765,2650.357376673741,2668.547993391964,2757.778348849932,71.47541261013566
BLST_2026_0422,2026,2026-05-17 12:26:33.786407768,2517.4825615047457,2684.334720281328,2710.4945552359645,2757.778348849932,166.8521587765822
BLST_2026_0423,2026,2026-05-17 20:13:30.873786408,2764.916086714184,2660.4766936420897,2750.455901569897,2757.778348849932,104.43939307209439
BLST_2026_0424,2026,2026-05-18 04:00:27.961165048,3140.1296675521057,3011.0710363266676,3069.316565478127,2757.778348849932,129.05863122543815
BLST_2026_0425,2026,2026-05-18 11:47:25.048543690,2279.528264595699,2635.5105249004937,2536.2242291776492,2757.778348849932,355.98226030479464
BLST_2026_0426,2026,2026-05-18 19:34:22.135922330,2505.784186612327,2608.998711713579,2592.6039306704315,2757.778348849932,103.21452510125164
BLST_2026_0427,2026,2026-05-19 03:21:19.223300972,2430.3617351434746,2508.2756683396356,2530.8808852731663,2757.778348849932,77.913933196161
BLST_2026_0428,2026,2026-05-19 11:08:16.310679612,2913.9331719903053,2898.899550534931,2852.6794288686256,2757.778348849932,15.033621455374032
BLST_2026_0429,2026,2026-05-19 18:55:13.398058252,2713.2843051590435,2679.936045664068,2700.8139146618323,2757.778348849932,33.34825949497554
BLST_2026_0430,2026,2026-05-20 02:42:10.485436894,3130.181330258314,3201.1922200529903,3258.7124599978692,2757.778348849932,71.01088979467613
BLST_2026_0431,2026,2026-05-20 10:29:07.572815534,2456.664964681605,2359.429584248546,2431.461935776958,2757.778348849932,97.23538043305916
BLST_2026_0432,2026,2026-05-20 18:16:04.660194176,2554.625814889894,2611.572863164348,2721.4288798062353,2757.778348849932,56.947048274453664
BLST_2026_0433,2026,2026-05-21 02:03:01.747572816,3537.098798104651,3631.4109876576895,3449.3878602877166,2757.778348849932,94.31218955303848
BLST_2026_0434,2026,2026-05-21 09:49:58.834951456,2409.611076983221,2311.726908265137,2315.1610659905127,2757.778348849932,97.88416871808431
BLST_2026_0435,2026,2026-05-21 17:36:55.922330098,2130.5474365122204,2377.5479322538845,2353.0442824787106,2757.778348849932,247.00049574166405
BLST_2026_0436,2026,2026-05-22 01:23:53.009708738,3404.648394025399,3299.278100786125,3312.530082739513,2757.778348849932,105.3702932392739
BLST_2026_0437,2026,2026-05-22 09:10:50.097087378,2658.7347447683237,2588.2982874622526,2656.2901009747457,2757.778348849932,70.43645730607113
BLST_2026_0438,2026,2026-05-22 16:57:47.184466020,2371.355499375228,2538.695372991458,2548.3872265365244,2757.778348849932,167.33987361622985
BLST_2026_0439,2026,2026-05-23 00:44:44.271844660,2857.731434947167,2676.4337007004196,2732.1018396934614,2757.778348849932,181.2977342467475
BLST_2026_0440,2026,2026-05-23 08:31:41.359223302,2931.9669139668777,2803.6688866648938,2808.721723544157,2757.778348849932,128.2980273019839
BLST_2026_0441,2026,2026-05-23 16:18:38.446601942,2152.3078935636745,2403.8195074270284,2459.210641457386,2757.778348849932,251.5116138633539
BLST_2026_0442,2026,2026-05-24 00:05:35.533980582,2697.5034482821275,2703.4410135689004,2723.7569714143797,2757.778348849932,5.937565286772951
BLST_2026_0443,2026,2026-05-24 07:52:32.621359224,2019.6396315523568,2039.305179511358,2129.8604885435598,2757.778348849932,19.66554795900106
BLST_2026_0444,2026,2026-05-24 15:39:29.708737864,3594.631745269939,3535.2582169024195,3530.716793745931,2757.778348849932,59.37352836751961
BLST_2026_0445,2026,2026-05-24 23:26:26.796116506,2183.8405746434164,2374.938912778043,2369.973231201834,2757.778348849932,191.09833813462637
BLST_2026_0446,2026,2026-05-25 07:13:23.883495146,3315.836103729531,3086.834927919791,3257.591421443227,2757.778348849932,229.00117580973983
BLST_2026_0447,2026,2026-05-25 15:00:20.970873786,3048.7411879425,3115.5005907647787,3137.26559524338,2757.778348849932,66.75940282227884
BLST_2026_0448,2026,2026-05-25 22:47:18.058252428,2356.119978184098,2250.732169744843,2209.835273395249,2757.778348849932,105.38780843925497
BLST_2026_0449,2026,2026-05-26 06:34:15.145631068,2809.272419407705,3047.796170719759,3094.4749052557063,2757.778348849932,238.52375131205417
BLST_2026_0450,2026,2026-05-26 14:21:12.233009710,2447.7951014880205,2612.667484390066,2560.3895195952377,2757.778348849932,164.8723829020455
BLST_2026_0451,2026,2026-05-26 22:08:09.320388350,3054.3294663852653,2874.1575305216998,2953.583732694091,2757.778348849932,180.17193586356552
BLST_2026_0452,2026,2026-05-27 05:55:06.407766990,3210.017188714442,3224.6578963605366,3147.5709924231146,2757.778348849932,14.640707646094597
BLST_2026_0453,2026,2026-05-27 13:42:03.495145632,2516.139828464428,2494.5683885539156,2452.467249780741,2757.778348849932,21.571439910512254
BLST_2026_0454,2026,2026-05-27 21:29:00.582524272,2778.578829187756,2813.5644665017157,2807.3631493033126,2757.778348849932,34.985637313959614
BLST_2026_0455,2026,2026-05-28 05:15:57.669902912,2563.986261677888,2516.3213562139654,2569.579299908003,2757.778348849932,47.66490546392242
BLST_2026_0456,2026,2026-05-28 13:02:54.757281554,1956.644229739992,1878.5387022403443,1903.5993802270218,2757.778348849932,78.10552749964768
BLST_2026_0457,2026,2026-05-28 20:49:51.844660194,3245.900473311693,3196.0739152600313,3316.3144139263472,2757.778348849932,49.82655805166178
BLST_2026_0458,2026,2026-05-29 04:36:48.932038836,2270.487810817712,2382.447248403804,2348.0518526437877,2757.778348849932,111.95943758609201
BLST_2026_0459,2026,2026-05-29 12:23:46.019417476,3011.2056440145348,2964.2842993384374,2977.897424259032,2757.778348849932,46.921344676097306
BLST_2026_0460,2026,2026-05-29 20:10:43.106796116,2459.7132508556106,2330.89137261597,2369.8728651875495,2757.778348849932,128.82187823964068
BLST_2026_0461,2026,2026-05-30 03:57:40.194174758,2021.1412334971812,2264.1736457507923,2205.1723665986738,2757.778348849932,243.03241225361103
BLST_2026_0462,2026,2026-05-30 11:44:37.281553398,3389.721532836659,3204.882050906771,3294.755245920798,2757.778348849932,184.83948192988828
BLST_2026_0463,2026,2026-05-30 19:31:34.368932040,2837.508671813844,2567.728271244599,2598.7627752728567,2757.778348849932,269.7804005692451
BLST_2026_0464,2026,2026-05-31 03:18:31.456310680,2589.7139867567103,2813.4020815053454,2747.761727581345,2757.778348849932,223.6880947486352
BLST_2026_0465,2026,2026-05-31 11:05:28.543689320,2088.3614839058014,2269.1606536270756,2174.0879265327503,2757.778348849932,180.7991697212742
BLST_2026_0466,2026,2026-05-31 18:52:25.631067962,2835.4227530017265,2541.246193410409,2684.185411424788,2757.778348849932,294.1765595913175
BLST_2026_0467,2026,2026-06-01 02:39:22.718446602,2782.740809386404,2796.0777224373687,2767.818835661993,2757.778348849932,13.33691305096454
BLST_2026_0468,2026,2026-06-01 10:26:19.805825244,3037.5662802927754,3081.322331134378,3005.4132250568455,2757.778348849932,43.7560508416027
BLST_2026_0469,2026,2026-06-01 18:13:16.893203884,2300.3304382402207,2345.3700848118365,2242.5965305622613,2757.778348849932,45.039646571615776
BLST_2026_0470,2026,2026-06-02 02:00:13.980582524,2265.220118983842,2247.4165414291624,2249.590229991615,2757.778348849932,17.803577554679578
BLST_2026_0471,2026,2026-06-02 09:47:11.067961166,2491.502541573681,2504.0157018778805,2554.1349703806227,2757.778348849932,12.513160304199573
BLST_2026_0472,2026,2026-06-02 17:34:08.155339806,2581.520255820511,2724.7190526199765,2687.1379623556963,2757.778348849932,143.19879679946553
BLST_2026_0473,2026,2026-06-03 01:21:05.242718446,2825.681671774409,2835.658973863784,2787.0894886923893,2757.778348849932,9.977302089374916
BLST_2026_0474,2026,2026-06-03 09:08:02.330097088,2604.9176948944464,2757.1461574415625,2707.57146690508,2757.778348849932,152.22846254711612
BLST_2026_0475,2026,2026-06-03 16:54:59.417475728,2758.8169827858846,2881.4125376485194,2970.473057818989,2757.778348849932,122.5955548626348
BLST_2026_0476,2026,2026-06-04 00:41:56.504854370,2747.8209514562127,2755.129895326621,2725.000075574253,2757.778348849932,7.308943870408257
BLST_2026_0477,2026,2026-06-04 08:28:53.592233010,2883.8891503331524,2837.857081473776,2831.882733382076,2757.778348849932,46.03206885937652
BLST_2026_0478,2026,2026-06-04 16:15:50.679611650,2609.7961490551475,2453.913818265226,2604.342167333922,2757.778348849932,155.88233078992153
BLST_2026_0479,2026,2026-06-05 00:02:47.766990292,2697.0142862581083,2308.089746496259,2312.02588140854,2757.778348849932,388.92453976184925
BLST_2026_0480,2026,2026-06-05 07:49:44.854368932,2762.251615115038,2790.007376000138,2754.570521892806,2757.778348849932,27.75576088509979
BLST_2026_0481,2026,2026-06-05 15:36:41.941747574,2914.396686276061,2907.268598169165,2931.625974155528,2757.778348849932,7.128088106895575
BLST_2026_0482,2026,2026-06-05 23:23:39.029126214,2994.109497302367,2975.4879473071974,3061.4574581370885,2757.778348849932,18.621549995169516
BLST_2026_0483,2026,2026-06-06 07:10:36.116504854,2490.757324927399,2590.7205095269437,2619.7368248802986,2757.778348849932,99.96318459954455
BLST_2026_0484,2026,2026-06-06 14:57:33.203883496,2256.620516955304,2351.702639781832,2294.575160674013,2757.778348849932,95.08212282652812
BLST_2026_0485,2026,2026-06-06 22:44:30.291262136,2416.41945406773,2523.5625526174713,2477.431026525386,2757.778348849932,107.14309854974135
BLST_2026_0486,2026,2026-06-07 06:31:27.378640778,2956.708444512717,2973.4790697573935,2948.028334449586,2757.778348849932,16.770625244676467
BLST_2026_0487,2026,2026-06-07 14:18:24.466019418,2332.23607213933,2262.046774919375,2224.5115196298407,2757.778348849932,70.18929721995528
BLST_2026_0488,2026,2026-06-07 22:05:21.553398058,2982.97211707037,2915.3913742939085,2803.1328447204005,2757.778348849932,67.58074277646165
BLST_2026_0489,2026,2026-06-08 05:52:18.640776700,2848.400476357373,2861.276345508384,2854.3006433516466,2757.778348849932,12.875869151011102
BLST_2026_0490,2026,2026-06-08 13:39:15.728155340,2981.4995694087097,2890.8449152556923,2987.081316114416,2757.778348849932,90.65465415301742
BLST_2026_0491,2026,2026-06-08 21:26:12.815533980,2571.5470852210474,2468.0093005233334,2511.5953000223467,2757.778348849932,103.53778469771396
BLST_2026_0492,2026,2026-06-09 05:13:09.902912622,2848.164041262852,2814.4159495196736,2873.188991780821,2757.778348849932,33.74809174317852
BLST_2026_0493,2026,2026-06-09 13:00:06.990291262,2416.6961368755947,2450.327674255391,2358.8451601821416,2757.778348849932,33.6315373797961
BLST_2026_0494,2026,2026-06-09 20:47:04.077669904,2387.654029148111,2354.112053639926,2372.7861703854423,2757.778348849932,33.541975508184805
BLST_2026_0495,2026,2026-06-10 04:34:01.165048544,2381.507533601559,2398.0149570830754,2441.181785528287,2757.778348849932,16.507423481516525
BLST_2026_0496,2026,2026-06-10 12:20:58.252427184,2422.96905772643,2427.82269822737,2397.483987396493,2757.778348849932,4.853640500939946
BLST_2026_0497,2026,2026-06-10 20:07:55.339805826,2372.2056936429426,2547.631550733732,2510.771627729972,2757.778348849932,175.42585709078958
BLST_2026_0498,2026,2026-06-11 03:54:52.427184466,3331.8146040145543,2642.7419797483726,2798.501263653946,2757.778348849932,689.0726242661817
BLST_2026_0499,2026,2026-06-11 11:41:49.514563108,2551.587866134425,2551.363736488457,2597.975629014214,2757.778348849932,0.22412964596787788
BLST_2026_0500,2026,2026-06-11 19:28:46.601941748,3037.5487486511083,3092.3192647957776,3116.3179833756776,2757.778348849932,54.77051614466927
BLST_2026_0501,2026,2026-06-12 03:15:43.689320388,2034.1835805894088,2077.687822520837,2044.5198455399777,2757.778348849932,43.50424193142817
BLST_2026_0502,2026,2026-06-12 11:02:40.776699030,2400.2058748926293,2857.677298694918,2788.726097871189,2757.778348849932,457.4714238022889
BLST_2026_0503,2026,2026-06-12 18:49:37.864077670,2108.443196007073,2147.60247727837,2211.2577647842672,2757.778348849932,39.159281271297004
BLST_2026_0504,2026,2026-06-13 02:36:34.951456312,2810.0679952884266,2700.2773317240117,2674.3977335237646,2757.778348849932,109.7906635644149
BLST_2026_0505,2026,2026-06-13 10:23:32.038834952,2910.820412918513,2732.2929875819136,2750.8061031214206,2757.778348849932,178.5274253365992
BLST_2026_0506,2026,2026-06-13 18:10:29.126213592,2183.858752763978,1995.0176434200716,2135.929390089159,2757.778348849932,188.84110934390628
BLST_2026_0507,2026,2026-06-14 01:57:26.213592234,3090.883828725256,2986.255918199916,3016.366119285985,2757.778348849932,104.62791052534021
BLST_2026_0508,2026,2026-06-14 09:44:23.300970874,2987.245080371646,2960.322465604985,2941.0726371053174,2757.778348849932,26.9226147666609
BLST_2026_0509,2026,2026-06-14 17:31:20.388349514,2957.2066340846536,2913.8779253737093,2940.885425557143,2757.778348849932,43.328708710944284
BLST_2026_0510,2026,2026-06-15 01:18:17.475728156,2513.500934582148,2577.423629766673,2528.8643758261123,2757.778348849932,63.922695184524855
BLST_2026_0511,2026,2026-06-15 09:05:14.563106796,2307.636890714948,2338.8792720906413,2388.126586973077,2757.778348849932,31.242381375693185
BLST_2026_0512,2026,2026-06-15 16:52:11.650485438,2311.2257233152827,2529.8571271724427,2523.385863930455,2757.778348849932,218.63140385715997
BLST_2026_0513,2026,2026-06-16 00:39:08.737864078,2912.6678831758527,2926.817954685436,3021.1602447854407,2757.778348849932,14.150071509583086
BLST_2026_0514,2026,2026-06-16 08:26:05.825242718,2464.363820898778,2540.33717991873,2571.8125187262312,2757.778348849932,75.97335901995166
BLST_2026_0515,2026,2026-06-16 16:13:02.912621360,3428.322832090072,3440.7606376678177,3402.499944086837,2757.778348849932,12.437805577745621
BLST_2026_0516,2026,2026-06-17 00:00:00.000000000,2446.2552108639984,2390.8052145398938,2525.781972706041,2757.778348849932,55.44999632410463
